<?xml version="1.0" encoding="UTF-8"?>
<overrides>
	<!-- Disable context menu -->
	<contextmenu />

	<!-- Don't share additional submenu levels -->
	<doNotShareLevels />

	<!-- Save any shortcut with a widgetPath property -->
	<saveWithProperty>widgetPath</saveWithProperty>

	<!-- Check for settings window shortcut -->
	<checkforshortcut property="HasSettingsLink">ActivateWindow(Settings)</checkforshortcut>

	<!-- General Grouping -->
	<groupings>
		<!-- Video -->
		<node label="3">
			<content>video</content>
			<node label="136">
				<content>playlist-video</content>
			</node>
			<node label="32075">
				<content>videosources</content>
				<content>upnp-video</content>
			</node>
		</node>
		<!-- Music -->
		<node label="2">
			<content>music</content>
			<node label="136">
				<content>playlist-audio</content>
			</node>
			<node label="32075">
				<content>musicsources</content>
				<content>upnp-music</content>
			</node>
		</node>
		<!-- Picture -->
		<node label="1">
			<content>picturesources</content>
		</node>
		<!-- Games -->
		<node label="10821">
			<shortcut label="35049" icon="DefaultAddonGame.png">ActivateWindow(Games,Addons,return)</shortcut>
			<shortcut label="$LOCALIZE[10821]" icon="DefaultFolder.png">ActivateWindow(games,return)</shortcut>
		</node>
		<!-- PVR -->
		<node label="14204" condition="PVR.HasTVChannels | PVR.HasRadioChannels">
			<!-- PVR - Live TV -->
			<node label="31015" condition="PVR.HasTVChannels">
				<content>pvr</content>
				<node label="19023">
					<content>pvr-tv</content>
				</node>
			</node>
			<!-- PVR - Radio -->
			<node label="19021" condition="PVR.HasRadioChannels">
			<content>radio</content>
				<node label="19024">
					<content>pvr-radio</content>
				</node>
			</node>
		</node>
		<!-- Add-ons -->
		<node label="24001">
			<node label="1037">
				<shortcut label="1037" icon="DefaultAddonVideo.png">ActivateWindow(Videos,Addons,return)</shortcut>
				<content>addon-video</content>
			</node>
			<node label="1038">
				<shortcut label="1038" icon="DefaultAddonMusic.png">ActivateWindow(MusicLibrary,Addons,return)</shortcut>
				<content>addon-audio</content>
			</node>
			<node label="1039">
				<shortcut label="1039" icon="DefaultAddonPicture.png">ActivateWindow(Pictures,Addons,return)</shortcut>
				<content>addon-image</content>
			</node>
			<node label="1043">
				<shortcut label="1043" icon="DefaultAddonProgram.png">ActivateWindow(Programs,Addons,return)</shortcut>
				<content>addon-program</content>
			</node>
		</node>
		<!-- Settings -->
		<node label="10004">
			<content>settings</content>
		</node>
		<!-- Kodi commands -->
		<node label="31232">
			<content>commands</content>
		</node>
		<node label="31231">
			<!-- Skin-helper script -->
			<shortcut label="$LOCALIZE[31235]" icon="DefaultFolder.png" condition="!System.HasAddon(script.skin.helper.widgets)">::INSTALL::script.skin.helper.widgets</shortcut>
			<shortcut label="$LOCALIZE[31235]" icon="DefaultFolder.png" condition="System.HasAddon(script.skin.helper.widgets)">||BROWSE||script.skin.helper.service/?action=widgets&amp;path=scriptwidgets</shortcut>
			<!-- Extended info script -->
			<shortcut label="$LOCALIZE[31236]" icon="DefaultFolder.png" condition="!System.HasAddon(script.extendedinfo)">::INSTALL::script.extendedinfo</shortcut>
			<shortcut label="$LOCALIZE[31236]" icon="DefaultFolder.png" condition="System.HasAddon(script.extendedinfo)">||BROWSE||script.skin.helper.service/?action=widgets&amp;path=extendedinfo</shortcut>
		</node>
	</groupings>

	<!-- Additional widgets -->
	<widget label="$LOCALIZE[10508]" type="custom" path="$INCLUDE[weather-widget]">WeatherWidget</widget>
	<widget label="$LOCALIZE[31091]" type="custom" path="$INCLUDE[osmc-widget]">OSMCWidget</widget>
	<widget label="$LOCALIZE[35049]" type="custom" path="addons://sources/game/">GameWidget</widget>

	<!-- Default properties -->
	<widgetdefault labelID="10508" group="weather.1">WeatherWidget</widgetdefault>
	
	<widgetdefault labelID="31091" group="31091.1">OSMCWidget</widgetdefault>
	<propertydefault labelID="31091" group="31091.1" property="layout">square-small</propertydefault>
	
	<widgetdefault labelID="35049" group="15016.1">GameWidget</widgetdefault>
	<propertydefault labelID="35049" group="15016.1" property="layout">square-small</propertydefault>

	<widgetdefaultnode labelID="31054" group="movies.1" label="$LOCALIZE[31054]" type="movies" path="special://skin/extras/playlists/movies_random.xsp" target="videos">library</widgetdefaultnode>
	<propertydefault labelID="31054" group="movies.1" property="widgetArt">Art(poster)</propertydefault>

	<widgetdefaultnode labelID="31118" group="tvshows.1" label="$LOCALIZE[31118]" type="tvshows" path="special://skin/extras/playlists/tvshows_random.xsp" target="videos">library</widgetdefaultnode>
	<propertydefault labelID="31118" group="tvshows.1" property="widgetArt">Art(poster)</propertydefault>

	<widgetdefaultnode labelID="31056" group="2.1" label="$LOCALIZE[31056]" type="albums" path="special://skin/extras/playlists/albums_random.xsp" target="music">music</widgetdefaultnode>
	<propertydefault labelID="31056" group="2.1" property="layout">square-small</propertydefault>

	<widgetdefaultnode labelID="19217" group="14204.1" label="$LOCALIZE[19217]" type="pvr" path="pvr://channels/tv/*/" target="video">pvr</widgetdefaultnode>
	<propertydefault labelID="19217" group="14204.1" property="layout">square</propertydefault>

	<widgetdefaultnode labelID="19216" group="19021.1" label="$LOCALIZE[19216]" type="pvr" path="pvr://channels/radio/*/" target="video">pvr</widgetdefaultnode>
	<propertydefault labelID="19216" group="19021.1" property="layout">square</propertydefault>

	<widgetdefaultnode labelID="10001" group="programs.1" label="$LOCALIZE[10001]" type="program" path="addons://sources/executable" target="programs">addon</widgetdefaultnode>
	<propertydefault labelID="10001" group="programs.1" property="layout">square-small</propertydefault>
	
	<!-- Widget Grouping -->
	<widget-groupings>
		<!-- Video -->
		<node label="3">
			<node label="$LOCALIZE[31178]" condition="Library.HasContent(movies) | Library.HasContent(tvshows)">
				<!-- Movies -->
				<node label="$LOCALIZE[342]" condition="Library.HasContent(movies)">
					<shortcut widget="NewMovies" label="$LOCALIZE[31179]" icon="DefaultRecentlyAddedMovies.png" widgetType="movies" widgetTarget="video">special://skin/extras/playlists/movies_recentlyadded.xsp</shortcut>
					<shortcut widget="RecentMovies" label="$LOCALIZE[31180]" icon="DefaultMusicRecentlyPlayed.png" widgetType="movies" widgetTarget="video">special://skin/extras/playlists/movies_recentlyplayed.xsp</shortcut>
					<shortcut widget="RandomMovies" label="$LOCALIZE[31181]" icon="DefaultMovies.png" widgetType="movies" widgetTarget="video">special://skin/extras/playlists/movies_random.xsp</shortcut>
					<shortcut widget="InProgressMovies" label="$LOCALIZE[31182]" icon="DefaultInProgressShows.png" widgetType="movies" widgetTarget="video">special://skin/extras/playlists/movies_inprogress.xsp</shortcut>
					<shortcut widget="TopRatedMovies" label="$LOCALIZE[31183]" icon="DefaultMusicTop100Albums.png" widgetType="movies" widgetTarget="video">special://skin/extras/playlists/movies_toprated.xsp</shortcut>
					<shortcut widget="Top250Movies" label="$LOCALIZE[31184]" icon="DefaultMusicTop100Albums.png" widgetType="movies" widgetTarget="video">special://skin/extras/playlists/movies_top250.xsp</shortcut>
					<shortcut widget="UnwatchedMovies" label="$LOCALIZE[31185]" icon="DefaultMovies.png" widgetType="movies" widgetTarget="video">special://skin/extras/playlists/movies_unwatched.xsp</shortcut>
					<shortcut widget="MovieNodes" label="$LOCALIZE[31186]" icon="DefaultMovies.png" widgetType="movies" widgetTarget="video">library://video/movies/</shortcut>
					<shortcut widget="MovieGenres" label="$LOCALIZE[31187]" icon="DefaultGenre.png" widgetType="movies" widgetTarget="video">library://video/movies/genres.xml</shortcut>
					<shortcut widget="MovieSets" label="$LOCALIZE[31188]" icon="DefaultSets.png" widgetType="movies" widgetTarget="video">videodb://movies/sets/</shortcut>
				</node>
				<!-- TV Shows -->
				<node label="$LOCALIZE[31189]" condition="Library.HasContent(tvshows)">
					<shortcut widget="NewTvShows" label="$LOCALIZE[31190]" icon="DefaultRecentlyAddedEpisodes.png" widgetType="tvshows" widgetTarget="video">special://skin/extras/playlists/tvshows_recentlyadded.xsp</shortcut>
					<shortcut widget="RecentTvShows" label="$LOCALIZE[31191]" icon="DefaultMusicRecentlyPlayed.png" widgetType="tvshows" widgetTarget="video">special://skin/extras/playlists/tvshows_recentlyplayed.xsp</shortcut>
					<shortcut widget="RandomTvShows" label="$LOCALIZE[31192]" icon="DefaultTVShows.png" widgetType="tvshows" widgetTarget="video">special://skin/extras/playlists/tvshows_random.xsp</shortcut>
					<shortcut widget="InProgressTVShows" label="$LOCALIZE[31193]" icon="DefaultInProgressShows.png" widgetType="tvshows" widgetTarget="video">library://video/tvshows/inprogressshows.xml</shortcut>
					<shortcut widget="TopRatedTvShows" label="$LOCALIZE[31194]" icon="DefaultMusicTop100Albums.png" widgetType="tvshows" widgetTarget="video">special://skin/extras/playlists/tvshows_toprated.xsp</shortcut>
					<shortcut widget="UnwatchedTVShows" label="$LOCALIZE[31195]" icon="DefaultTVShows.png" widgetType="tvshows" widgetTarget="video">special://skin/extras/playlists/tvshows_unwatched.xsp</shortcut>
					<shortcut widget="TvShowNodes" label="$LOCALIZE[31196]" icon="DefaultTVShows.png" widgetType="tvshows" widgetTarget="video">library://video/tvshows/</shortcut>
					<shortcut widget="TvShowGenres" label="$LOCALIZE[31197]" icon="DefaultGenre.png" widgetType="tvshows" widgetTarget="video">library://video/tvshows/genres.xml</shortcut>
				</node>
				<!-- Episodes -->
				<node label="$LOCALIZE[20360]" condition="Library.HasContent(tvshows)">
					<shortcut widget="NewEpisodes" label="$LOCALIZE[31198]" icon="DefaultRecentlyAddedEpisodes.png" widgetType="episodes" widgetTarget="video">special://skin/extras/playlists/episodes_recentlyadded.xsp</shortcut>
					<shortcut widget="RecentEpisodes" label="$LOCALIZE[31199]" icon="DefaultMusicRecentlyPlayed.png" widgetType="episodes" widgetTarget="video">special://skin/extras/playlists/episodes_recentlyplayed.xsp</shortcut>
					<shortcut widget="RandomEpisodes" label="$LOCALIZE[31200]" icon="DefaultTVShows.png" widgetType="episodes" widgetTarget="video">special://skin/extras/playlists/episodes_random.xsp</shortcut>
					<shortcut widget="InProgressEpisodes" label="$LOCALIZE[31201]" icon="DefaultInProgressShows.png" widgetType="episodes" widgetTarget="video">special://skin/extras/playlists/episodes_inprogress.xsp</shortcut>
					<shortcut widget="TopRatedEpisodes" label="$LOCALIZE[31202]" icon="DefaultMusicTop100Albums.png" widgetType="episodes" widgetTarget="video">special://skin/extras/playlists/episodes_toprated.xsp</shortcut>
					<shortcut widget="UnwatchedEpisodes" label="$LOCALIZE[31203]" icon="DefaultTVShows.png" widgetType="episodes" widgetTarget="video">special://skin/extras/playlists/episodes_unwatched.xsp</shortcut>
				</node>
			</node>
			<content>video</content>
			<node label="136">
				<content>playlist-video</content>
			</node>
			<node label="32075">
				<content>videosources</content>
				<content>upnp-video</content>
			</node>
		</node>
		<!-- Music -->
		<node label="2">
			<node label="$LOCALIZE[31178]" condition="Library.HasContent(music) | Library.HasContent(musicvideos)">
				<!-- Artists -->
				<node label="$LOCALIZE[133]" condition="Library.HasContent(music)">
					<shortcut widget="NewArtists" label="$LOCALIZE[31204]" icon="DefaultMusicArtists.png" widgetType="artists" widgetTarget="music">special://skin/extras/playlist/sartists_recentlyadded.xsp</shortcut>
					<shortcut widget="RandomArtists" label="$LOCALIZE[31205]" icon="DefaultMusicArtists.png" widgetType="artists" widgetTarget="music">special://skin/extras/playlists/artists_random.xsp</shortcut>
					<shortcut widget="MusicNodes" label="$LOCALIZE[31206]" icon="DefaultMusicAlbums.png" widgetType="artists" widgetTarget="music">library://music/</shortcut>
				</node>
				<!-- Albums -->
				<node label="$LOCALIZE[132]" condition="Library.HasContent(music)">
					<shortcut widget="NewAlbums" label="$LOCALIZE[31207]" icon="DefaultMusicRecentlyAdded.png" widgetType="albums" widgetTarget="music">musicdb://recentlyaddedalbums/</shortcut>
					<shortcut widget="RecentAlbums" label="$LOCALIZE[31208]" icon="DefaultMusicRecentlyPlayed.png" widgetType="albums" widgetTarget="music">musicdb://recentlyplayedalbums/</shortcut>
					<shortcut widget="RecentlyReleasedAlbums" label="$LOCALIZE[31209]" icon="DefaultMusicAlbums.png" widgetType="albums" widgetTarget="music">special://skin/extras/playlists/albums_recentlyreleased.xsp</shortcut>
					<shortcut widget="TopAlbums" label="$LOCALIZE[31210]" icon="DefaultMusicTop100Albums.png" widgetType="albums" widgetTarget="music">musicdb://top100/albums/</shortcut>
					<shortcut widget="RandomAlbums" label="$LOCALIZE[31211]" icon="DefaultMusicAlbums.png" widgetType="albums" widgetTarget="music">special://skin/extras/playlists/albums_random.xsp</shortcut>
					<shortcut widget="MostPlayedAlbums" label="$LOCALIZE[31212]" icon="DefaultMusicRecentlyPlayed.png" widgetType="albums" widgetTarget="music">special://skin/extras/playlists/albums_mostplayed.xsp</shortcut>
				</node>
				<!-- Songs -->
				<node label="$LOCALIZE[134]" condition="Library.HasContent(music)">
					<shortcut widget="NewSongs" label="$LOCALIZE[31213]" icon="DefaultMusicSongs.png" widgetType="songs" widgetTarget="music">special://skin/extras/playlists/songs_recentlyadded.xsp</shortcut>
					<shortcut widget="RecentlyReleasedSongs" label="$LOCALIZE[31214]" icon="DefaultMusicSongs.png" widgetType="songs" widgetTarget="music">special://skin/extras/playlists/songs_recentlyreleased.xsp</shortcut>
					<shortcut widget="MostPlayedSongs" label="$LOCALIZE[31215]" icon="DefaultMusicSongs.png" widgetType="songs" widgetTarget="music">special://skin/extras/playlists/songs_mostplayed.xsp</shortcut>
					<shortcut widget="RandomSongs" label="$LOCALIZE[31216]" icon="DefaultMusicSongs.png" widgetType="songs" widgetTarget="music">special://skin/extras/playlists/songs_random.xsp</shortcut>
				</node>
				<!-- Music videos -->
				<node label="$LOCALIZE[20389]" condition="Library.HasContent(musicvideos)">
					<shortcut widget="NewMusicVideos" label="$LOCALIZE[31217]" icon="DefaultRecentlyAddedMusicVideos.png" widgetType="musicvideos" widgetTarget="video">special://skin/extras/playlists/musicvideos_recentlyadded.xsp</shortcut>
					<shortcut widget="InProgressMusicVideos" label="$LOCALIZE[31218]" icon="DefaultMusicVideos.png" widgetType="musicvideos" widgetTarget="video">special://skin/extras/playlists/musicvideos_inprogress.xsp</shortcut>
					<shortcut widget="RandomMusicVideos" label="$LOCALIZE[31219]" icon="DefaultMusicVideos.png" widgetType="musicvideos" widgetTarget="video">special://skin/extras/playlists/musicvideos_random.xsp</shortcut>
					<shortcut widget="UnwatchedMusicVideos" label="$LOCALIZE[31220]" icon="DefaultMusicVideos.png" widgetType="musicvideos" widgetTarget="video">special://skin/extras/playlists/musicvideos_unwatched.xsp</shortcut>
				</node>
			</node>
			<content>music</content>
			<node label="136">
				<content>playlist-audio</content>
			</node>
			<node label="32075">
				<content>musicsources</content>
				<content>upnp-music</content>
			</node>
		</node>
		<!-- Picture sources -->
		<node label="1">
			<content>picturesources</content>
		</node>
		<!-- Games -->
		<node label="10821">
			<shortcut label="$LOCALIZE[35049]" widget="addon" icon="DefaultAddonGame.png" widgetType="addons" widgetTarget="games">addons://sources/game</shortcut>
			<shortcut label="$LOCALIZE[10821]" icon="DefaultFolder.png" widget="gamesources" widgetType="games" widgetTarget="games">sources://games/</shortcut>
		</node>
		<!-- PVR -->
		<node label="14204" condition="PVR.HasTVChannels | PVR.HasRadioChannels">
			<!-- PVR - Live TV -->
			<node label="$LOCALIZE[31015]" condition="Pvr.HasTVChannels">
				<shortcut widget="LastPlayedChannels" label="$LOCALIZE[31222]" icon="DefaultAddonPVRClient.png" widgetType="tv" widgetTarget="pvr">pvr://channels/tv/*?view=lastplayed</shortcut>
				<shortcut widget="AllChannels" label="$LOCALIZE[19217]" icon="DefaultAddonPVRClient.png" widgetType="tv" widgetTarget="pvr">pvr://channels/tv/*</shortcut>
				<shortcut widget="TVChannelGroups" label="$LOCALIZE[19173]" icon="DefaultAddonPVRClient.png" widgetType="tv" widgetTarget="tvguide">pvr://channels/tv/</shortcut>
				<shortcut widget="ActiveRecordings" label="$LOCALIZE[31223]" icon="DefaultAddonPVRClient.png" widgetType="tv" widgetTarget="pvr">pvr://recordings/tv/active?view=flat</shortcut>
				<shortcut widget="GroupedActiveRecordings" label="$LOCALIZE[31224]" icon="DefaultAddonPVRClient.png" widgetType="tv" widgetTarget="pvr">pvr://recordings/tv/active?view=grouped</shortcut>
				<shortcut widget="DeletedRecordings" label="$LOCALIZE[19184]" icon="DefaultAddonPVRClient.png" widgetType="tv" widgetTarget="pvr">pvr://recordings/tv/deleted?view=flat</shortcut>
				<shortcut widget="GroupedDeletedRecordings" label="$LOCALIZE[31225]" icon="DefaultAddonPVRClient.png" widgetType="tv" widgetTarget="pvr">pvr://recordings/tv/deleted?view=grouped</shortcut>
				<shortcut widget="TVTimers" label="$LOCALIZE[10703]" icon="DefaultAddonPVRClient.png" widgetTarget="pvr" widgetType="tv">pvr://timers/tv/timers</shortcut>
			</node>
			<!-- PVR - Radio -->
			<node label="$LOCALIZE[19021]" condition="Pvr.HasRadioChannels">
				<shortcut widget="LastPlayedRadioChannels" label="$LOCALIZE[31226]" icon="DefaultAddonPVRClient.png" widgetType="radio" widgetTarget="pvr">pvr://channels/radio/*?view=lastplayed</shortcut>
				<shortcut widget="AllRadioChannels" label="$LOCALIZE[19216]" icon="DefaultAddonPVRClient.png" widgetType="radio" widgetTarget="pvr">pvr://channels/radio/*</shortcut>
				<shortcut widget="RadioChannelGroups" label="$LOCALIZE[19174]" icon="DefaultAddonPVRClient.png" widgetType="radio" widgetTarget="radioguide">pvr://channels/radio/</shortcut>
				<shortcut widget="ActiveRadioRecordings" label="$LOCALIZE[31227]" icon="DefaultAddonPVRClient.png" widgetType="radio" widgetTarget="pvr">pvr://recordings/radio/active?view=flat</shortcut>
				<shortcut widget="GroupedActiveRadioRecordings" label="$LOCALIZE[31228]" icon="DefaultAddonPVRClient.png" widgetType="radio" widgetTarget="pvr">pvr://recordings/radio/active?view=grouped</shortcut>
				<shortcut widget="DeletedRadioRecordings" label="$LOCALIZE[19184]" icon="DefaultAddonPVRClient.png" widgetType="radio" widgetTarget="pvr">pvr://recordings/radio/deleted?view=flat</shortcut>
				<shortcut widget="GroupedDeletedRadioRecordings" label="$LOCALIZE[31229]" icon="DefaultAddonPVRClient.png" widgetType="radio" widgetTarget="pvr">pvr://recordings/radio/deleted?view=grouped</shortcut>
				<shortcut widget="RadioTimers" label="$LOCALIZE[10708]" icon="DefaultAddonPVRClient.png" widgetType="radio" widgetTarget="pvr">pvr://timers/radio/timers</shortcut>
			</node>
		</node>
		<!-- Add-ons -->
		<node label="24001">
			<node label="1037">
				<shortcut label="$LOCALIZE[1037]" icon="DefaultAddonVideo.png" widget="addon" widgetType="addons" widgetTarget="programs">addons://sources/video/</shortcut>
				<content>addon-video</content>
			</node>
			<node label="1038">
				<shortcut label="$LOCALIZE[1038]" icon="DefaultAddonMusic.png" widget="addon" widgetType="addons" widgetTarget="programs">addons://sources/music/</shortcut>
				<content>addon-audio</content>
			</node>
			<node label="1039">
				<shortcut label="$LOCALIZE[1039]" icon="DefaultAddonPicture.png" widget="addon" widgetType="addons" widgetTarget="programs">addons://sources/image/</shortcut>
				<content>addon-image</content>
			</node>
			<node label="1043">
				<shortcut label="$LOCALIZE[1043]" icon="DefaultAddonProgram.png" widget="addon" widgetType="addons" widgetTarget="programs">addons://sources/executable/</shortcut>
				<content>addon-program</content>
			</node>
		</node>
		<node label="31230">
			<!-- Skin-helper script -->
			<shortcut label="$LOCALIZE[31235]" icon="DefaultFolder.png" condition="!System.HasAddon(script.skin.helper.widgets)">::INSTALL::script.skin.helper.widgets</shortcut>
			<shortcut label="$LOCALIZE[31235]" icon="DefaultFolder.png" condition="System.HasAddon(script.skin.helper.widgets)">||BROWSE||script.skin.helper.service/?action=widgets&amp;path=scriptwidgets</shortcut>
			<!-- Extended info script -->
			<shortcut label="$LOCALIZE[31236]" icon="DefaultFolder.png" condition="!System.HasAddon(script.extendedinfo)">::INSTALL::script.extendedinfo</shortcut>
			<shortcut label="$LOCALIZE[31236]" icon="DefaultFolder.png" condition="System.HasAddon(script.extendedinfo)">||BROWSE||script.skin.helper.service/?action=widgets&amp;path=extendedinfo</shortcut>
			<!-- Weather -->
			<shortcut widget="WeatherWidget" label="$LOCALIZE[10508]" widgetType="custom" icon="DefaultWeather.png">$INCLUDE[weather-widget]</shortcut>
			<!-- My OSMC -->
			<shortcut widget="OSMCWidget" label="$LOCALIZE[31091]" widgetType="custom" icon="DefaultOSMC.png" condition="System.HasAddon(service.osmc.settings)">$INCLUDE[osmc-widget]</shortcut>
		</node>
	</widget-groupings>
	
	<!-- Size -->
	<propertySettings property="layout" buttonID="601" showNone="False" title="Layout" requires="widgetPath" />
	<propertyfallback property="layout">tall</propertyfallback>
	<property property="layout" label="31240">tall</property>
	<property property="layout" label="31241">wide</property>
	<property property="layout" label="31395">square</property>
	<property property="layout" label="31396">square-small</property>

	<!-- Artwork -->
	<propertySettings property="widgetArt" buttonID="602" templateonly="True" showNone="False" title="Artwork" />
	<propertyfallback property="widgetArt">Icon</propertyfallback>
	<property property="widgetArt" label="Icon">Icon</property>
	<property property="widgetArt" condition="!String.IsEmpty(Container(8000).ListItem.Art(poster)) | !String.IsEmpty(Container(8000).ListItem(2).Art(poster))" label="Poster">Art(poster)</property>
	<property property="widgetArt" condition="!String.IsEmpty(Container(8000).ListItem.Art(tvshow.poster)) | !String.IsEmpty(Container(8000).ListItem(2).Art(tvshow.poster))" label="TV Show Poster">Art(tvshow.poster)</property>
	<property property="widgetArt" condition="!String.IsEmpty(Container(8000).ListItem.Art(season.poster)) | !String.IsEmpty(Container(8000).ListItem(2).Art(season.poster))" label="Season Poster">Art(season.poster)</property>
	<property property="widgetArt" condition="!String.IsEmpty(Container(8000).ListItem.Art(fanart)) | !String.IsEmpty(Container(8000).ListItem(2).Art(fanart))" label="Fanart">Art(fanart)</property>
	<property property="widgetArt" condition="!String.IsEmpty(Container(8000).ListItem.Art(season.fanart)) | !String.IsEmpty(Container(8000).ListItem(2).Art(season.fanart))" label="Season Fanart">Art(season.fanart)</property>
	<property property="widgetArt" condition="!String.IsEmpty(Container(8000).ListItem.Art(banner)) | !String.IsEmpty(Container(8000).ListItem(2).Art(banner))" label="Banner">Art(banner)</property>
	<property property="widgetArt" condition="!String.IsEmpty(Container(8000).ListItem.Art(tvshow.banner)) | !String.IsEmpty(Container(8000).ListItem(2).Art(tvshow.banner))" label="TV Show Banner">Art(tvshow.banner)</property>
	<property property="widgetArt" condition="!String.IsEmpty(Container(8000).ListItem.Art(season.banner)) | !String.IsEmpty(Container(8000).ListItem(2).Art(season.banner))" label="Season Banner">Art(season.banner)</property>
	<property property="widgetArt" condition="!String.IsEmpty(Container(8000).ListItem.Art(clearlogo)) | !String.IsEmpty(Container(8000).ListItem(2).Art(clearlogo))" label="Clear Logo">Art(clearlogo)</property>
	<property property="widgetArt" condition="!String.IsEmpty(Container(8000).ListItem.Art(tvshow.clearlogo)) | !String.IsEmpty(Container(8000).ListItem(2).Art(tvshow.clearlogo))" label="TV Show Clear Logo">Art(tvshow.clearlogo)</property>
	<property property="widgetArt" condition="!String.IsEmpty(Container(8000).ListItem.Art(clearart)) | !String.IsEmpty(Container(8000).ListItem(2).Art(clearart))" label="Clear Art">Art(clearart)</property>
	<property property="widgetArt" condition="!String.IsEmpty(Container(8000).ListItem.Art(tvshow.clearart)) | !String.IsEmpty(Container(8000).ListItem(2).Art(tvshow.clearart))" label="TV Show Clear Art">Art(tvshow.clearart)</property>
	<property property="widgetArt" condition="!String.IsEmpty(Container(8000).ListItem.Art(characterart)) | !String.IsEmpty(Container(8000).ListItem(2).Art(pcharacterartoster))" label="Character Art">Art(characterart)</property>
	<property property="widgetArt" condition="!String.IsEmpty(Container(8000).ListItem.Art(tvshow.characterart)) | !String.IsEmpty(Container(8000).ListItem(2).Art(tvshow.characterart))" label="TV Show Character Art">Art(tvshow.characterart)</property>
	<property property="widgetArt" condition="!String.IsEmpty(Container(8000).ListItem.Art(landscape)) | !String.IsEmpty(Container(8000).ListItem(2).Art(landscape))" label="Landscape">Art(landscape)</property>
	<property property="widgetArt" condition="!String.IsEmpty(Container(8000).ListItem.Art(tvshow.landscape)) | !String.IsEmpty(Container(8000).ListItem(2).Art(tvshow.landscape))" label="TV Show Landscape">Art(tvshow.landscape)</property>
	<property property="widgetArt" condition="[!String.IsEmpty(Container(8000).ListItem.Art(fanart)) | !String.IsEmpty(Container(8000).ListItem(2).Art(fanart))] + [!String.IsEmpty(Container(8000).ListItem.Art(clearlogo)) | !String.IsEmpty(Container(8000).ListItem(2).Art(clearlogo))]" label="Fake Landscape">FAKELANDSCAPE</property>
	<property property="widgetArt" condition="[!String.IsEmpty(Container(8000).ListItem.Art(fanart)) | !String.IsEmpty(Container(8000).ListItem(2).Art(fanart))] + [!String.IsEmpty(Container(8000).ListItem.Art(tvshow.clearlogo)) | !String.IsEmpty(Container(8000).ListItem(2).Art(tvshow.clearlogo))]" label="Fake TV Show Landscape">FAKETVLANDSCAPE</property>

	<backgroundBrowse>True</backgroundBrowse>

	<!-- Fallback Artwork -->
	<propertySettings property="widgetFallbackArt" buttonID="603" templateonly="True" showNone="False" title="Fallback Artwork" />
	<propertyfallback property="widgetFallbackArt">Icon</propertyfallback>
	<property property="widgetFallbackArt" label="Icon">Icon</property>
	<property property="widgetFallbackArt" condition="!String.IsEmpty(Container(8000).ListItem.Art(poster)) | !String.IsEmpty(Container(8000).ListItem(2).Art(poster))" label="Poster">Art(poster)</property>
	<property property="widgetFallbackArt" condition="!String.IsEmpty(Container(8000).ListItem.Art(tvshow.poster)) | !String.IsEmpty(Container(8000).ListItem(2).Art(tvshow.poster))" label="TV Show Poster">Art(tvshow.poster)</property>
	<property property="widgetFallbackArt" condition="!String.IsEmpty(Container(8000).ListItem.Art(season.poster)) | !String.IsEmpty(Container(8000).ListItem(2).Art(season.poster))" label="Season Poster">Art(season.poster)</property>
	<property property="widgetFallbackArt" condition="!String.IsEmpty(Container(8000).ListItem.Art(fanart)) | !String.IsEmpty(Container(8000).ListItem(2).Art(fanart))" label="Fanart">Art(fanart)</property>
	<property property="widgetFallbackArt" condition="!String.IsEmpty(Container(8000).ListItem.Art(season.fanart)) | !String.IsEmpty(Container(8000).ListItem(2).Art(season.fanart))" label="Season Fanart">Art(season.fanart)</property>
	<property property="widgetFallbackArt" condition="!String.IsEmpty(Container(8000).ListItem.Art(banner)) | !String.IsEmpty(Container(8000).ListItem(2).Art(banner))" label="Banner">Art(banner)</property>
	<property property="widgetFallbackArt" condition="!String.IsEmpty(Container(8000).ListItem.Art(tvshow.banner)) | !String.IsEmpty(Container(8000).ListItem(2).Art(tvshow.banner))" label="TV Show Banner">Art(tvshow.banner)</property>
	<property property="widgetFallbackArt" condition="!String.IsEmpty(Container(8000).ListItem.Art(season.banner)) | !String.IsEmpty(Container(8000).ListItem(2).Art(season.banner))" label="Season Banner">Art(season.banner)</property>
	<property property="widgetFallbackArt" condition="!String.IsEmpty(Container(8000).ListItem.Art(clearlogo)) | !String.IsEmpty(Container(8000).ListItem(2).Art(clearlogo))" label="Clear Logo">Art(clearlogo)</property>
	<property property="widgetFallbackArt" condition="!String.IsEmpty(Container(8000).ListItem.Art(tvshow.clearlogo)) | !String.IsEmpty(Container(8000).ListItem(2).Art(tvshow.clearlogo))" label="TV Show Clear Logo">Art(tvshow.clearlogo)</property>
	<property property="widgetFallbackArt" condition="!String.IsEmpty(Container(8000).ListItem.Art(clearart)) | !String.IsEmpty(Container(8000).ListItem(2).Art(clearart))" label="Clear Art">Art(clearart)</property>
	<property property="widgetFallbackArt" condition="!String.IsEmpty(Container(8000).ListItem.Art(tvshow.clearart)) | !String.IsEmpty(Container(8000).ListItem(2).Art(tvshow.clearart))" label="TV Show Clear Art">Art(tvshow.clearart)</property>
	<property property="widgetFallbackArt" condition="!String.IsEmpty(Container(8000).ListItem.Art(characterart)) | !String.IsEmpty(Container(8000).ListItem(2).Art(pcharacterartoster))" label="Character Art">Art(characterart)</property>
	<property property="widgetFallbackArt" condition="!String.IsEmpty(Container(8000).ListItem.Art(tvshow.characterart)) | !String.IsEmpty(Container(8000).ListItem(2).Art(tvshow.characterart))" label="TV Show Character Art">Art(tvshow.characterart)</property>
	<property property="widgetFallbackArt" condition="!String.IsEmpty(Container(8000).ListItem.Art(landscape)) | !String.IsEmpty(Container(8000).ListItem(2).Art(landscape))" label="Landscape">Art(landscape)</property>
	<property property="widgetFallbackArt" condition="!String.IsEmpty(Container(8000).ListItem.Art(tvshow.landscape)) | !String.IsEmpty(Container(8000).ListItem(2).Art(tvshow.landscape))" label="TV Show Landscape">Art(tvshow.landscape)</property>
	<property property="widgetFallbackArt" condition="[!String.IsEmpty(Container(8000).ListItem.Art(fanart)) | !String.IsEmpty(Container(8000).ListItem(2).Art(fanart))] + [!String.IsEmpty(Container(8000).ListItem.Art(clearlogo)) | !String.IsEmpty(Container(8000).ListItem(2).Art(clearlogo))]" label="Fake Landscape">FAKELANDSCAPE</property>
	<property property="widgetFallbackArt" condition="[!String.IsEmpty(Container(8000).ListItem.Art(fanart)) | !String.IsEmpty(Container(8000).ListItem(2).Art(fanart))] + [!String.IsEmpty(Container(8000).ListItem.Art(tvshow.clearlogo)) | !String.IsEmpty(Container(8000).ListItem(2).Art(tvshow.clearlogo))]" label="Fake TV Show Landscape">FAKETVLANDSCAPE</property>

	<!-- Widget Sort By -->
    <propertySettings property="widgetSortBy" title="$LOCALIZE[31175]" showNone="True" />
	<property property="widgetSortBy" label="$LOCALIZE[369]">title</property>
	<property property="widgetSortBy" label="$LOCALIZE[568]" condition="!String.IsEqual(Container(211).ListItem.Property(widgetType),addons) + !String.IsEqual(Container(211).ListItem.Property(widgetType),program)">lastplayed</property>
	<property property="widgetSortBy" label="$LOCALIZE[12012]" condition="String.IsEqual(Container(211).ListItem.Property(widgetType),addons) | String.IsEqual(Container(211).ListItem.Property(widgetType),program)">lastused</property>
	<property property="widgetSortBy" label="$LOCALIZE[12013]" condition="String.IsEqual(Container(211).ListItem.Property(widgetType),addons) | String.IsEqual(Container(211).ListItem.Property(widgetType),program)">installdate</property>
	<property property="widgetSortBy" label="$LOCALIZE[12014]" condition="String.IsEqual(Container(211).ListItem.Property(widgetType),addons) | String.IsEqual(Container(211).ListItem.Property(widgetType),program)">lastupdated</property>
	<property property="widgetSortBy" label="$LOCALIZE[36902]" condition="String.IsEqual(Container(211).ListItem.Property(widgetType),episodes)">tvshowtitle</property>
	<property property="widgetSortBy" label="$LOCALIZE[552]" condition="String.IsEqual(Container(211).ListItem.Property(widgetType),episodes)">date</property>
	<property property="widgetSortBy" label="$LOCALIZE[557]" condition="String.IsEqual(Container(211).ListItem.Property(widgetType),musicvideos) | String.IsEqual(Container(211).ListItem.Property(widgetType),artists) | String.IsEqual(Container(211).ListItem.Property(widgetType),albums) | String.IsEqual(Container(211).ListItem.Property(widgetType),songs)">artist</property>
	<property property="widgetSortBy" label="$LOCALIZE[558]" condition="String.IsEqual(Container(211).ListItem.Property(widgetType),musicvideos) | String.IsEqual(Container(211).ListItem.Property(widgetType),albums) | String.IsEqual(Container(211).ListItem.Property(widgetType),songs)">album</property>
	<property property="widgetSortBy" label="$LOCALIZE[554]" condition="String.IsEqual(Container(211).ListItem.Property(widgetType),songs)">tracknumber</property>
	<property property="widgetSortBy" label="$LOCALIZE[19029]" condition="String.IsEqual(Container(211).ListItem.Property(widgetType),pvr)">channelnumber</property>
	<property property="widgetSortBy" label="$LOCALIZE[345]" condition="String.IsEqual(Container(211).ListItem.Property(widgetType),movies) | String.IsEqual(Container(211).ListItem.Property(widgetType),tvshows) | String.IsEqual(Container(211).ListItem.Property(widgetType),musicvideos) | String.IsEqual(Container(211).ListItem.Property(widgetType),albums)">year</property>
	<property property="widgetSortBy" label="$LOCALIZE[570]" condition="!String.IsEqual(Container(211).ListItem.Property(widgetType),pvr)">dateAdded</property>
	<property property="widgetSortBy" label="$LOCALIZE[590]">random</property>
	<property property="widgetSortBy" label="$LOCALIZE[515]" condition="String.IsEqual(Container(211).ListItem.Property(widgetType),movies) | String.IsEqual(Container(211).ListItem.Property(widgetType),tvshows) | String.IsEqual(Container(211).ListItem.Property(widgetType),musicvideos) | String.IsEqual(Container(211).ListItem.Property(widgetType),albums) | String.IsEqual(Container(211).ListItem.Property(widgetType),songs)">genre</property>
	<property property="widgetSortBy" label="$LOCALIZE[567]" condition="String.IsEqual(Container(211).ListItem.Property(widgetType),movies) | String.IsEqual(Container(211).ListItem.Property(widgetType),tvshows) | String.IsEqual(Container(211).ListItem.Property(widgetType),musicvideos) | String.IsEqual(Container(211).ListItem.Property(widgetType),episodes)">playcount</property>
	<property property="widgetSortBy" label="$LOCALIZE[572]" condition="String.IsEqual(Container(211).ListItem.Property(widgetType),movies) | String.IsEqual(Container(211).ListItem.Property(widgetType),tvshows)">studio</property>
	<property property="widgetSortBy" label="$LOCALIZE[574]" condition="String.IsEqual(Container(211).ListItem.Property(widgetType),movies)">country</property>
	<property property="widgetSortBy" label="$LOCALIZE[563]" condition="String.IsEqual(Container(211).ListItem.Property(widgetType),movies) | String.IsEqual(Container(211).ListItem.Property(widgetType),tvshows) | String.IsEqual(Container(211).ListItem.Property(widgetType),episodes)">rating</property>
	<property property="widgetSortBy" label="$LOCALIZE[33067]" condition="String.IsEqual(Container(211).ListItem.Property(widgetTarget),video) | String.IsEqual(Container(211).ListItem.Property(widgetTarget),music)">userrating</property>

    <!-- Widget Sort Direction -->
    <propertySettings property="widgetSortDirection" title="$LOCALIZE[31176]" showNone="True" />
    <property property="widgetSortDirection" label="$LOCALIZE[584]">ascending</property>
    <property property="widgetSortDirection" label="$LOCALIZE[585]">descending</property>
	
	<!-- Widget Limit -->
    <propertySettings property="widgetLimit" title="Item limit" showNone="True" />
    <property property="widgetLimit" label="10 ">$NUMBER[10]</property>
	<property property="widgetLimit" label="15 ">$NUMBER[15]</property>
    <property property="widgetLimit" label="20 ">$NUMBER[20]</property>
    <property property="widgetLimit" label="25 ">$NUMBER[25]</property>
    <property property="widgetLimit" label="30 ">$NUMBER[30]</property>
	<property property="widgetLimit" label="50 ">$NUMBER[50]</property>
	<property property="widgetLimit" label="100 ">$NUMBER[100]</property>

</overrides>
