<?xml version="1.0" encoding="UTF-8"?>
<addon id="skin.osmc" version="19.0.0" name="OSMC Skin" provider-name="OSMC">
	<requires>
		<import addon="xbmc.gui" version="5.15.0"/>
	</requires>
	<extension point="xbmc.gui.skin" defaultthemename="Textures.xbt" effectslowdown="1.00" debugging="false">
		<!-- <res width="2560" height="1080" aspect="21:9" default="true" folder="xml" /> -->
		<res width="1920" height="1080" aspect="16:9" default="true" folder="xml" />
		<!-- <res width="2560" height="1440" aspect="16:9" default="true" folder="xml" /> -->
		<!-- <res width="1440" height="1080" aspect="4:3" default="true" folder="xml" /> -->
	</extension>
	<extension point="xbmc.addon.metadata">
		<platform>all</platform>
		<summary lang="en">The default skin for OSMC.</summary>
		<description lang="en">Original skin: Andy Morton[CR]Original design: Simon Brunton[CR]Skinner: Julian Michel</description>
		<assets>
			<icon>resources/icon.png</icon>
			<fanart>resources/fanart.jpg</fanart>
		</assets>
		<news>[B]New[/B][CR]- add new v19 features (music library, movie sets, PVR additions and chapter/EDL markers in video OSD)[CR]- add channel sort by and sort order toggles to PVR guide side menu[CR]- add artist, album and radio now/next information to fullscreen music/radio playback window[CR]- add new info button to video and music OSD[CR]- add trackt.tv ratings information to video info dialog[CR][CR][B]Improved[/B][CR]- rework look of default fullscreen music playback screen to match general skin look[CR]- improve behaviour of weather widget when no weather information is available[CR]- improve widget headings and general secondary label information[CR][CR][B]Fixed[/B][CR]- add missing "play recorded programme" button to PVR info dialog</news>
	</extension>
</addon>
