<?xml version="1.0" encoding="UTF-8"?>
<includes>
	
	<include name="SmartPlaylistEditor_coords1">
		<include condition="String.IsEqual(Skin.AspectRatio,16:9) + False">SmartPlaylistEditor_coords1_16:9</include>
		<include condition="String.IsEqual(Skin.AspectRatio,21:9)">SmartPlaylistEditor_coords1_21:9</include>
		<include condition="String.IsEqual(Skin.AspectRatio,16:9) + True">SmartPlaylistEditor_coords1_21:9_masked</include>
		<include condition="String.IsEqual(Skin.AspectRatio,4:3)">SmartPlaylistEditor_coords1_4:3</include>
	</include>
	<include name="SmartPlaylistEditor_coords1_16:9">
		<left>150</left>
		<top>228</top>
		<width>360</width>
		<height>462</height>
	</include>
	<include name="SmartPlaylistEditor_coords1_21:9">
		<left>150</left>
		<top>228</top>
		<width>360</width>
		<height>462</height>
	</include>
	<include name="SmartPlaylistEditor_coords1_21:9_masked">
		<left>150</left>
		<top>408</top>
		<width>360</width>
		<height>462</height>
	</include>
	<include name="SmartPlaylistEditor_coords1_4:3">
		<left>150</left>
		<top>228</top>
		<width>360</width>
		<height>462</height>
	</include>
	
	<include name="SmartPlaylistEditor_coords2">
		<include condition="String.IsEqual(Skin.AspectRatio,16:9) + False">SmartPlaylistEditor_coords2_16:9</include>
		<include condition="String.IsEqual(Skin.AspectRatio,21:9)">SmartPlaylistEditor_coords2_21:9</include>
		<include condition="String.IsEqual(Skin.AspectRatio,16:9) + True">SmartPlaylistEditor_coords2_21:9_masked</include>
		<include condition="String.IsEqual(Skin.AspectRatio,4:3)">SmartPlaylistEditor_coords2_4:3</include>
	</include>
	<include name="SmartPlaylistEditor_coords2_16:9">
		<top>66</top>
		<width>360</width>
		<height>66</height>
	</include>
	<include name="SmartPlaylistEditor_coords2_21:9">
		<top>66</top>
		<width>360</width>
		<height>66</height>
	</include>
	<include name="SmartPlaylistEditor_coords2_21:9_masked">
		<top>66</top>
		<width>360</width>
		<height>66</height>
	</include>
	<include name="SmartPlaylistEditor_coords2_4:3">
		<top>66</top>
		<width>360</width>
		<height>66</height>
	</include>
	
	<include name="SmartPlaylistEditor_coords3">
		<include condition="String.IsEqual(Skin.AspectRatio,16:9) + False">SmartPlaylistEditor_coords3_16:9</include>
		<include condition="String.IsEqual(Skin.AspectRatio,21:9)">SmartPlaylistEditor_coords3_21:9</include>
		<include condition="String.IsEqual(Skin.AspectRatio,16:9) + True">SmartPlaylistEditor_coords3_21:9_masked</include>
		<include condition="String.IsEqual(Skin.AspectRatio,4:3)">SmartPlaylistEditor_coords3_4:3</include>
	</include>
	<include name="SmartPlaylistEditor_coords3_16:9">
		<top>132</top>
		<width>360</width>
		<height>66</height>
	</include>
	<include name="SmartPlaylistEditor_coords3_21:9">
		<top>132</top>
		<width>360</width>
		<height>66</height>
	</include>
	<include name="SmartPlaylistEditor_coords3_21:9_masked">
		<top>132</top>
		<width>360</width>
		<height>66</height>
	</include>
	<include name="SmartPlaylistEditor_coords3_4:3">
		<top>132</top>
		<width>360</width>
		<height>66</height>
	</include>
	
	<include name="SmartPlaylistEditor_coords4">
		<include condition="String.IsEqual(Skin.AspectRatio,16:9) + False">SmartPlaylistEditor_coords4_16:9</include>
		<include condition="String.IsEqual(Skin.AspectRatio,21:9)">SmartPlaylistEditor_coords4_21:9</include>
		<include condition="String.IsEqual(Skin.AspectRatio,16:9) + True">SmartPlaylistEditor_coords4_21:9_masked</include>
		<include condition="String.IsEqual(Skin.AspectRatio,4:3)">SmartPlaylistEditor_coords4_4:3</include>
	</include>
	<include name="SmartPlaylistEditor_coords4_16:9">
		<top>330</top>
		<width>360</width>
		<height>66</height>
	</include>
	<include name="SmartPlaylistEditor_coords4_21:9">
		<top>330</top>
		<width>360</width>
		<height>66</height>
	</include>
	<include name="SmartPlaylistEditor_coords4_21:9_masked">
		<top>330</top>
		<width>360</width>
		<height>66</height>
	</include>
	<include name="SmartPlaylistEditor_coords4_4:3">
		<top>330</top>
		<width>360</width>
		<height>66</height>
	</include>
	
	<include name="SmartPlaylistEditor_coords5">
		<include condition="String.IsEqual(Skin.AspectRatio,16:9) + False">SmartPlaylistEditor_coords5_16:9</include>
		<include condition="String.IsEqual(Skin.AspectRatio,21:9)">SmartPlaylistEditor_coords5_21:9</include>
		<include condition="String.IsEqual(Skin.AspectRatio,16:9) + True">SmartPlaylistEditor_coords5_21:9_masked</include>
		<include condition="String.IsEqual(Skin.AspectRatio,4:3)">SmartPlaylistEditor_coords5_4:3</include>
	</include>
	<include name="SmartPlaylistEditor_coords5_16:9">
		<left>600</left>
		<top>228</top>
		<width>1170</width>
		<height>462</height>
	</include>
	<include name="SmartPlaylistEditor_coords5_21:9">
		<left>600</left>
		<top>228</top>
		<width>1810</width>
		<height>462</height>
	</include>
	<include name="SmartPlaylistEditor_coords5_21:9_masked">
		<left>600</left>
		<top>408</top>
		<width>1810</width>
		<height>462</height>
	</include>
	<include name="SmartPlaylistEditor_coords5_4:3">
		<left>600</left>
		<top>228</top>
		<width>690</width>
		<height>462</height>
	</include>
	
	<include name="SmartPlaylistEditor_coords6">
		<include condition="String.IsEqual(Skin.AspectRatio,16:9) + False">SmartPlaylistEditor_coords6_16:9</include>
		<include condition="String.IsEqual(Skin.AspectRatio,21:9)">SmartPlaylistEditor_coords6_21:9</include>
		<include condition="String.IsEqual(Skin.AspectRatio,16:9) + True">SmartPlaylistEditor_coords6_21:9_masked</include>
		<include condition="String.IsEqual(Skin.AspectRatio,4:3)">SmartPlaylistEditor_coords6_4:3</include>
	</include>
	<include name="SmartPlaylistEditor_coords6_16:9">
		<width>1170</width>
		<height>66</height>
	</include>
	<include name="SmartPlaylistEditor_coords6_21:9">
		<width>1810</width>
		<height>66</height>
	</include>
	<include name="SmartPlaylistEditor_coords6_21:9_masked">
		<width>1810</width>
		<height>66</height>
	</include>
	<include name="SmartPlaylistEditor_coords6_4:3">
		<width>690</width>
		<height>66</height>
	</include>
	
	<include name="SmartPlaylistEditor_coords7">
		<include condition="String.IsEqual(Skin.AspectRatio,16:9) + False">SmartPlaylistEditor_coords7_16:9</include>
		<include condition="String.IsEqual(Skin.AspectRatio,21:9)">SmartPlaylistEditor_coords7_21:9</include>
		<include condition="String.IsEqual(Skin.AspectRatio,16:9) + True">SmartPlaylistEditor_coords7_21:9_masked</include>
		<include condition="String.IsEqual(Skin.AspectRatio,4:3)">SmartPlaylistEditor_coords7_4:3</include>
	</include>
	<include name="SmartPlaylistEditor_coords7_16:9">
		<top>66</top>
		<width>1170</width>
	</include>
	<include name="SmartPlaylistEditor_coords7_21:9">
		<top>66</top>
		<width>1810</width>
	</include>
	<include name="SmartPlaylistEditor_coords7_21:9_masked">
		<top>66</top>
		<width>1810</width>
	</include>
	<include name="SmartPlaylistEditor_coords7_4:3">
		<top>66</top>
		<width>690</width>
	</include>
	
	<include name="SmartPlaylistEditor_coords8">
		<include condition="String.IsEqual(Skin.AspectRatio,16:9) + False">SmartPlaylistEditor_coords8_16:9</include>
		<include condition="String.IsEqual(Skin.AspectRatio,21:9)">SmartPlaylistEditor_coords8_21:9</include>
		<include condition="String.IsEqual(Skin.AspectRatio,16:9) + True">SmartPlaylistEditor_coords8_21:9_masked</include>
		<include condition="String.IsEqual(Skin.AspectRatio,4:3)">SmartPlaylistEditor_coords8_4:3</include>
	</include>
	<include name="SmartPlaylistEditor_coords8_16:9">
		<top>132</top>
		<width>850</width>
		<height>198</height>
	</include>
	<include name="SmartPlaylistEditor_coords8_21:9">
		<top>132</top>
		<width>1490</width>
		<height>198</height>
	</include>
	<include name="SmartPlaylistEditor_coords8_21:9_masked">
		<top>132</top>
		<width>1490</width>
		<height>198</height>
	</include>
	<include name="SmartPlaylistEditor_coords8_4:3">
		<top>132</top>
		<width>370</width>
		<height>198</height>
	</include>
	
	<include name="SmartPlaylistEditor_coords9">
		<include condition="String.IsEqual(Skin.AspectRatio,16:9) + False">SmartPlaylistEditor_coords9_16:9</include>
		<include condition="String.IsEqual(Skin.AspectRatio,21:9)">SmartPlaylistEditor_coords9_21:9</include>
		<include condition="String.IsEqual(Skin.AspectRatio,16:9) + True">SmartPlaylistEditor_coords9_21:9_masked</include>
		<include condition="String.IsEqual(Skin.AspectRatio,4:3)">SmartPlaylistEditor_coords9_4:3</include>
	</include>
	<include name="SmartPlaylistEditor_coords9_16:9">
		<itemlayout width="850" height="66">
			<control type="label">
				<width>850</width>
				<height>66</height>
				<textcolor>$VAR[TextColor2]</textcolor>
				<label>$INFO[ListItem.Label]</label>
			</control>
		</itemlayout>
	</include>
	<include name="SmartPlaylistEditor_coords9_21:9">
		<itemlayout width="1490" height="66">
			<control type="label">
				<width>1490</width>
				<height>66</height>
				<textcolor>$VAR[TextColor2]</textcolor>
				<label>$INFO[ListItem.Label]</label>
			</control>
		</itemlayout>
	</include>
	<include name="SmartPlaylistEditor_coords9_21:9_masked">
		<itemlayout width="1490" height="66">
			<control type="label">
				<width>1490</width>
				<height>66</height>
				<textcolor>$VAR[TextColor2]</textcolor>
				<label>$INFO[ListItem.Label]</label>
			</control>
		</itemlayout>
	</include>
	<include name="SmartPlaylistEditor_coords9_4:3">
		<itemlayout width="370" height="66">
			<control type="label">
				<width>370</width>
				<height>66</height>
				<textcolor>$VAR[TextColor2]</textcolor>
				<label>$INFO[ListItem.Label]</label>
			</control>
		</itemlayout>
	</include>
	
	<include name="SmartPlaylistEditor_coords10">
		<include condition="String.IsEqual(Skin.AspectRatio,16:9) + False">SmartPlaylistEditor_coords10_16:9</include>
		<include condition="String.IsEqual(Skin.AspectRatio,21:9)">SmartPlaylistEditor_coords10_21:9</include>
		<include condition="String.IsEqual(Skin.AspectRatio,16:9) + True">SmartPlaylistEditor_coords10_21:9_masked</include>
		<include condition="String.IsEqual(Skin.AspectRatio,4:3)">SmartPlaylistEditor_coords10_4:3</include>
	</include>
	<include name="SmartPlaylistEditor_coords10_16:9">
		<focusedlayout width="850" height="66">
			<control type="label">
				<width>850</width>
				<height>66</height>
				<textcolor>$VAR[TextColor1]</textcolor>
				<label>$INFO[ListItem.Label]</label>
				<animation effect="fade" start="100" end="50" time="200" tween="cubic" easing="out" reversible="true" condition="!Control.HasFocus(10)">Conditional</animation>
			</control>
			<control type="image">
				<width>850</width>
				<height>66</height>
				<texture colordiffuse="$VAR[TextColor1]">$VAR[focus66]</texture>
				<animation effect="fade" start="100" end="50" time="200" tween="cubic" easing="out" reversible="true" condition="!Control.HasFocus(10)">Conditional</animation>
			</control>
		</focusedlayout>
	</include>
	<include name="SmartPlaylistEditor_coords10_21:9">
		<focusedlayout width="1490" height="66">
			<control type="label">
				<width>1490</width>
				<height>66</height>
				<textcolor>$VAR[TextColor1]</textcolor>
				<label>$INFO[ListItem.Label]</label>
				<animation effect="fade" start="100" end="50" time="200" tween="cubic" easing="out" reversible="true" condition="!Control.HasFocus(10)">Conditional</animation>
			</control>
			<control type="image">
				<width>1490</width>
				<height>66</height>
				<texture colordiffuse="$VAR[TextColor1]">$VAR[focus66]</texture>
				<animation effect="fade" start="100" end="50" time="200" tween="cubic" easing="out" reversible="true" condition="!Control.HasFocus(10)">Conditional</animation>
			</control>
		</focusedlayout>
	</include>
	<include name="SmartPlaylistEditor_coords10_21:9_masked">
		<focusedlayout width="1490" height="66">
			<control type="label">
				<width>1490</width>
				<height>66</height>
				<textcolor>$VAR[TextColor1]</textcolor>
				<label>$INFO[ListItem.Label]</label>
				<animation effect="fade" start="100" end="50" time="200" tween="cubic" easing="out" reversible="true" condition="!Control.HasFocus(10)">Conditional</animation>
			</control>
			<control type="image">
				<width>1490</width>
				<height>66</height>
				<texture colordiffuse="$VAR[TextColor1]">$VAR[focus66]</texture>
				<animation effect="fade" start="100" end="50" time="200" tween="cubic" easing="out" reversible="true" condition="!Control.HasFocus(10)">Conditional</animation>
			</control>
		</focusedlayout>
	</include>
	<include name="SmartPlaylistEditor_coords10_4:3">
		<focusedlayout width="370" height="66">
			<control type="fadelabel">
				<width>370</width>
				<height>66</height>
				<textcolor>$VAR[TextColor1]</textcolor>
				<label>$INFO[ListItem.Label]</label>
				<animation effect="fade" start="100" end="50" time="200" tween="cubic" easing="out" reversible="true" condition="!Control.HasFocus(10)">Conditional</animation>
			</control>
			<control type="image">
				<width>370</width>
				<height>66</height>
				<texture colordiffuse="$VAR[TextColor1]">$VAR[focus66]</texture>
				<animation effect="fade" start="100" end="50" time="200" tween="cubic" easing="out" reversible="true" condition="!Control.HasFocus(10)">Conditional</animation>
			</control>
		</focusedlayout>
	</include>
	
	<include name="SmartPlaylistEditor_coords11">
		<include condition="String.IsEqual(Skin.AspectRatio,16:9) + False">SmartPlaylistEditor_coords11_16:9</include>
		<include condition="String.IsEqual(Skin.AspectRatio,21:9)">SmartPlaylistEditor_coords11_21:9</include>
		<include condition="String.IsEqual(Skin.AspectRatio,16:9) + True">SmartPlaylistEditor_coords11_21:9_masked</include>
		<include condition="String.IsEqual(Skin.AspectRatio,4:3)">SmartPlaylistEditor_coords11_4:3</include>
	</include>
	<include name="SmartPlaylistEditor_coords11_16:9">
		<left>870</left>
		<top>132</top>
		<width>300</width>
		<height>198</height>
	</include>
	<include name="SmartPlaylistEditor_coords11_21:9">
		<left>1510</left>
		<top>132</top>
		<width>300</width>
		<height>198</height>
	</include>
	<include name="SmartPlaylistEditor_coords11_21:9_masked">
		<left>1510</left>
		<top>132</top>
		<width>300</width>
		<height>198</height>
	</include>
	<include name="SmartPlaylistEditor_coords11_4:3">
		<left>390</left>
		<top>132</top>
		<width>300</width>
		<height>198</height>
	</include>
	
	<include name="SmartPlaylistEditor_coords12">
		<include condition="String.IsEqual(Skin.AspectRatio,16:9) + False">SmartPlaylistEditor_coords12_16:9</include>
		<include condition="String.IsEqual(Skin.AspectRatio,21:9)">SmartPlaylistEditor_coords12_21:9</include>
		<include condition="String.IsEqual(Skin.AspectRatio,16:9) + True">SmartPlaylistEditor_coords12_21:9_masked</include>
		<include condition="String.IsEqual(Skin.AspectRatio,4:3)">SmartPlaylistEditor_coords12_4:3</include>
	</include>
	<include name="SmartPlaylistEditor_coords12_16:9">
		<width>300</width>
	</include>
	<include name="SmartPlaylistEditor_coords12_21:9">
		<width>300</width>
	</include>
	<include name="SmartPlaylistEditor_coords12_21:9_masked">
		<width>300</width>
	</include>
	<include name="SmartPlaylistEditor_coords12_4:3">
		<width>300</width>
	</include>
	
	<include name="SmartPlaylistEditor_coords13">
		<include condition="String.IsEqual(Skin.AspectRatio,16:9) + False">SmartPlaylistEditor_coords13_16:9</include>
		<include condition="String.IsEqual(Skin.AspectRatio,21:9)">SmartPlaylistEditor_coords13_21:9</include>
		<include condition="String.IsEqual(Skin.AspectRatio,16:9) + True">SmartPlaylistEditor_coords13_21:9_masked</include>
		<include condition="String.IsEqual(Skin.AspectRatio,4:3)">SmartPlaylistEditor_coords13_4:3</include>
	</include>
	<include name="SmartPlaylistEditor_coords13_16:9">
		<top>330</top>
		<width>1170</width>
	</include>
	<include name="SmartPlaylistEditor_coords13_21:9">
		<top>330</top>
		<width>1810</width>
	</include>
	<include name="SmartPlaylistEditor_coords13_21:9_masked">
		<top>330</top>
		<width>1810</width>
	</include>
	<include name="SmartPlaylistEditor_coords13_4:3">
		<top>330</top>
		<width>690</width>
	</include>
	
	<include name="SmartPlaylistEditor_coords14">
		<include condition="String.IsEqual(Skin.AspectRatio,16:9) + False">SmartPlaylistEditor_coords14_16:9</include>
		<include condition="String.IsEqual(Skin.AspectRatio,21:9)">SmartPlaylistEditor_coords14_21:9</include>
		<include condition="String.IsEqual(Skin.AspectRatio,16:9) + True">SmartPlaylistEditor_coords14_21:9_masked</include>
		<include condition="String.IsEqual(Skin.AspectRatio,4:3)">SmartPlaylistEditor_coords14_4:3</include>
	</include>
	<include name="SmartPlaylistEditor_coords14_16:9">
		<top>396</top>
		<width>1170</width>
	</include>
	<include name="SmartPlaylistEditor_coords14_21:9">
		<top>396</top>
		<width>1810</width>
	</include>
	<include name="SmartPlaylistEditor_coords14_21:9_masked">
		<top>396</top>
		<width>1810</width>
	</include>
	<include name="SmartPlaylistEditor_coords14_4:3">
		<top>396</top>
		<width>690</width>
	</include>
	
	<include name="SmartPlaylistEditor_coords15">
		<include condition="String.IsEqual(Skin.AspectRatio,16:9) + False">SmartPlaylistEditor_coords15_16:9</include>
		<include condition="String.IsEqual(Skin.AspectRatio,21:9)">SmartPlaylistEditor_coords15_21:9</include>
		<include condition="String.IsEqual(Skin.AspectRatio,16:9) + True">SmartPlaylistEditor_coords15_21:9_masked</include>
		<include condition="String.IsEqual(Skin.AspectRatio,4:3)">SmartPlaylistEditor_coords15_4:3</include>
	</include>
	<include name="SmartPlaylistEditor_coords15_16:9">
		<top>462</top>
		<width>850</width>
	</include>
	<include name="SmartPlaylistEditor_coords15_21:9">
		<top>462</top>
		<width>1490</width>
	</include>
	<include name="SmartPlaylistEditor_coords15_21:9_masked">
		<top>462</top>
		<width>1490</width>
	</include>
	<include name="SmartPlaylistEditor_coords15_4:3">
		<top>462</top>
		<width>370</width>
	</include>
	
	<include name="SmartPlaylistEditor_coords16">
		<include condition="String.IsEqual(Skin.AspectRatio,16:9) + False">SmartPlaylistEditor_coords16_16:9</include>
		<include condition="String.IsEqual(Skin.AspectRatio,21:9)">SmartPlaylistEditor_coords16_21:9</include>
		<include condition="String.IsEqual(Skin.AspectRatio,16:9) + True">SmartPlaylistEditor_coords16_21:9_masked</include>
		<include condition="String.IsEqual(Skin.AspectRatio,4:3)">SmartPlaylistEditor_coords16_4:3</include>
	</include>
	<include name="SmartPlaylistEditor_coords16_16:9">
		<left>870</left>
		<top>462</top>
		<width>300</width>
	</include>
	<include name="SmartPlaylistEditor_coords16_21:9">
		<left>1510</left>
		<top>462</top>
		<width>300</width>
	</include>
	<include name="SmartPlaylistEditor_coords16_21:9_masked">
		<left>1510</left>
		<top>462</top>
		<width>300</width>
	</include>
	<include name="SmartPlaylistEditor_coords16_4:3">
		<left>390</left>
		<top>462</top>
		<width>300</width>
	</include>
	
	<include name="SmartPlaylistEditor_coords17">
		<include condition="String.IsEqual(Skin.AspectRatio,16:9) + False">SmartPlaylistEditor_coords17_16:9</include>
		<include condition="String.IsEqual(Skin.AspectRatio,21:9)">SmartPlaylistEditor_coords17_21:9</include>
		<include condition="String.IsEqual(Skin.AspectRatio,16:9) + True">SmartPlaylistEditor_coords17_21:9_masked</include>
		<include condition="String.IsEqual(Skin.AspectRatio,4:3)">SmartPlaylistEditor_coords17_4:3</include>
	</include>
	<include name="SmartPlaylistEditor_coords17_16:9">
		<top>528</top>
		<width>850</width>
	</include>
	<include name="SmartPlaylistEditor_coords17_21:9">
		<top>528</top>
		<width>1490</width>
	</include>
	<include name="SmartPlaylistEditor_coords17_21:9_masked">
		<top>528</top>
		<width>1490</width>
	</include>
	<include name="SmartPlaylistEditor_coords17_4:3">
		<top>528</top>
		<width>370</width>
	</include>
	
	<include name="SmartPlaylistEditor_coords18">
		<include condition="String.IsEqual(Skin.AspectRatio,16:9) + False">SmartPlaylistEditor_coords18_16:9</include>
		<include condition="String.IsEqual(Skin.AspectRatio,21:9)">SmartPlaylistEditor_coords18_21:9</include>
		<include condition="String.IsEqual(Skin.AspectRatio,16:9) + True">SmartPlaylistEditor_coords18_21:9_masked</include>
		<include condition="String.IsEqual(Skin.AspectRatio,4:3)">SmartPlaylistEditor_coords18_4:3</include>
	</include>
	<include name="SmartPlaylistEditor_coords18_16:9">
		<left>870</left>
		<top>528</top>
		<width>300</width>
	</include>
	<include name="SmartPlaylistEditor_coords18_21:9">
		<left>1510</left>
		<top>528</top>
		<width>300</width>
	</include>
	<include name="SmartPlaylistEditor_coords18_21:9_masked">
		<left>1510</left>
		<top>528</top>
		<width>300</width>
	</include>
	<include name="SmartPlaylistEditor_coords18_4:3">
		<left>390</left>
		<top>528</top>
		<width>300</width>
	</include>

</includes>