<?xml version="1.0" encoding="UTF-8"?>
<includes>

	<include name="DialogMediaSource_coords1">
		<include condition="String.IsEqual(Skin.AspectRatio,16:9) + False">DialogMediaSource_coords1_16:9</include>
		<include condition="String.IsEqual(Skin.AspectRatio,21:9)">DialogMediaSource_coords1_21:9</include>
		<include condition="String.IsEqual(Skin.AspectRatio,16:9) + True">DialogMediaSource_coords1_21:9_masked</include>
		<include condition="String.IsEqual(Skin.AspectRatio,4:3)">DialogMediaSource_coords1_4:3</include>
	</include>
	<include name="DialogMediaSource_coords1_16:9">
		<left>150</left>
		<top>228</top>
		<width>360</width>
		<height>660</height>
	</include>
	<include name="DialogMediaSource_coords1_21:9">
		<left>150</left>
		<top>228</top>
		<width>360</width>
		<height>660</height>
	</include>
	<include name="DialogMediaSource_coords1_21:9_masked">
		<left>150</left>
		<top>408</top>
		<width>360</width>
		<height>660</height>
	</include>
	<include name="DialogMediaSource_coords1_4:3">
		<left>150</left>
		<top>228</top>
		<width>360</width>
		<height>660</height>
	</include>
	
	<include name="DialogMediaSource_coords2">
		<include condition="String.IsEqual(Skin.AspectRatio,16:9) + False">DialogMediaSource_coords2_16:9</include>
		<include condition="String.IsEqual(Skin.AspectRatio,21:9)">DialogMediaSource_coords2_21:9</include>
		<include condition="String.IsEqual(Skin.AspectRatio,16:9) + True">DialogMediaSource_coords2_21:9_masked</include>
		<include condition="String.IsEqual(Skin.AspectRatio,4:3)">DialogMediaSource_coords2_4:3</include>
	</include>
	<include name="DialogMediaSource_coords2_16:9">
		<width>360</width>
		<height>66</height>
	</include>
	<include name="DialogMediaSource_coords2_21:9">
		<width>360</width>
		<height>66</height>
	</include>
	<include name="DialogMediaSource_coords2_21:9_masked">
		<width>360</width>
		<height>66</height>
	</include>
	<include name="DialogMediaSource_coords2_4:3">
		<width>360</width>
		<height>66</height>
	</include>
	
	<include name="DialogMediaSource_coords3">
		<include condition="String.IsEqual(Skin.AspectRatio,16:9) + False">DialogMediaSource_coords3_16:9</include>
		<include condition="String.IsEqual(Skin.AspectRatio,21:9)">DialogMediaSource_coords3_21:9</include>
		<include condition="String.IsEqual(Skin.AspectRatio,16:9) + True">DialogMediaSource_coords3_21:9_masked</include>
		<include condition="String.IsEqual(Skin.AspectRatio,4:3)">DialogMediaSource_coords3_4:3</include>
	</include>
	<include name="DialogMediaSource_coords3_16:9">
		<left>600</left>
		<top>228</top>
		<width>1170</width>
		<height>462</height>
	</include>
	<include name="DialogMediaSource_coords3_21:9">
		<left>600</left>
		<top>228</top>
		<width>1810</width>
		<height>462</height>
	</include>
	<include name="DialogMediaSource_coords3_21:9_masked">
		<left>600</left>
		<top>408</top>
		<width>1810</width>
		<height>462</height>
	</include>
	<include name="DialogMediaSource_coords3_4:3">
		<left>600</left>
		<top>228</top>
		<width>690</width>
		<height>462</height>
	</include>
	
	<include name="DialogMediaSource_coords4">
		<include condition="String.IsEqual(Skin.AspectRatio,16:9) + False">DialogMediaSource_coords4_16:9</include>
		<include condition="String.IsEqual(Skin.AspectRatio,21:9)">DialogMediaSource_coords4_21:9</include>
		<include condition="String.IsEqual(Skin.AspectRatio,16:9) + True">DialogMediaSource_coords4_21:9_masked</include>
		<include condition="String.IsEqual(Skin.AspectRatio,4:3)">DialogMediaSource_coords4_4:3</include>
	</include>
	<include name="DialogMediaSource_coords4_16:9">
		<itemlayout width="1170" height="66">
			<control type="label">
				<width>1170</width>
				<height>66</height>
				<textcolor>$VAR[TextColor2]</textcolor>
				<label>$INFO[ListItem.Label]</label>
			</control>
		</itemlayout>
	</include>
	<include name="DialogMediaSource_coords4_21:9">
		<itemlayout width="1810" height="66">
			<control type="label">
				<width>1810</width>
				<height>66</height>
				<textcolor>$VAR[TextColor2]</textcolor>
				<label>$INFO[ListItem.Label]</label>
			</control>
		</itemlayout>
	</include>
	<include name="DialogMediaSource_coords4_21:9_masked">
		<itemlayout width="1810" height="66">
			<control type="label">
				<width>1810</width>
				<height>66</height>
				<textcolor>$VAR[TextColor2]</textcolor>
				<label>$INFO[ListItem.Label]</label>
			</control>
		</itemlayout>
	</include>
	<include name="DialogMediaSource_coords4_4:3">
		<itemlayout width="690" height="66">
			<control type="label">
				<width>690</width>
				<height>66</height>
				<textcolor>$VAR[TextColor2]</textcolor>
				<label>$INFO[ListItem.Label]</label>
			</control>
		</itemlayout>
	</include>
	
	<include name="DialogMediaSource_coords5">
		<include condition="String.IsEqual(Skin.AspectRatio,16:9) + False">DialogMediaSource_coords5_16:9</include>
		<include condition="String.IsEqual(Skin.AspectRatio,21:9)">DialogMediaSource_coords5_21:9</include>
		<include condition="String.IsEqual(Skin.AspectRatio,16:9) + True">DialogMediaSource_coords5_21:9_masked</include>
		<include condition="String.IsEqual(Skin.AspectRatio,4:3)">DialogMediaSource_coords5_4:3</include>
	</include>
	<include name="DialogMediaSource_coords5_16:9">
		<focusedlayout width="1170" height="66">
			<control type="label">
				<width>1170</width>
				<height>66</height>
				<scroll>True</scroll>
				<label>$INFO[ListItem.Label]</label>
				<textcolor>$VAR[TextColor1]</textcolor>
				<animation effect="fade" start="100" end="75" time="200" tween="cubic" easing="out" reversible="true" condition="!Control.HasFocus(10)">Conditional</animation>
			</control>
				<control type="image">
				<width>1170</width>
				<height>66</height>
				<texture colordiffuse="$VAR[TextColor1]">$VAR[focus66]</texture>
				<animation effect="fade" start="100" end="75" time="200" tween="cubic" easing="out" reversible="true" condition="!Control.HasFocus(10)">Conditional</animation>
			</control>
		</focusedlayout>
	</include>
	<include name="DialogMediaSource_coords5_21:9">
		<focusedlayout width="1810" height="66">
			<control type="label">
				<width>1810</width>
				<height>66</height>
				<scroll>True</scroll>
				<label>$INFO[ListItem.Label]</label>
				<textcolor>$VAR[TextColor1]</textcolor>
				<animation effect="fade" start="100" end="75" time="200" tween="cubic" easing="out" reversible="true" condition="!Control.HasFocus(10)">Conditional</animation>
			</control>
				<control type="image">
				<width>1810</width>
				<height>66</height>
				<texture colordiffuse="$VAR[TextColor1]">$VAR[focus66]</texture>
				<animation effect="fade" start="100" end="75" time="200" tween="cubic" easing="out" reversible="true" condition="!Control.HasFocus(10)">Conditional</animation>
			</control>
		</focusedlayout>
	</include>
	<include name="DialogMediaSource_coords5_21:9_masked">
		<focusedlayout width="1810" height="66">
			<control type="label">
				<width>1810</width>
				<height>66</height>
				<scroll>True</scroll>
				<label>$INFO[ListItem.Label]</label>
				<textcolor>$VAR[TextColor1]</textcolor>
				<animation effect="fade" start="100" end="75" time="200" tween="cubic" easing="out" reversible="true" condition="!Control.HasFocus(10)">Conditional</animation>
			</control>
				<control type="image">
				<width>1810</width>
				<height>66</height>
				<texture colordiffuse="$VAR[TextColor1]">$VAR[focus66]</texture>
				<animation effect="fade" start="100" end="75" time="200" tween="cubic" easing="out" reversible="true" condition="!Control.HasFocus(10)">Conditional</animation>
			</control>
		</focusedlayout>
	</include>
	<include name="DialogMediaSource_coords5_4:3">
		<focusedlayout width="690" height="66">
			<control type="label">
				<width>690</width>
				<height>66</height>
				<scroll>True</scroll>
				<label>$INFO[ListItem.Label]</label>
				<textcolor>$VAR[TextColor1]</textcolor>
				<animation effect="fade" start="100" end="75" time="200" tween="cubic" easing="out" reversible="true" condition="!Control.HasFocus(10)">Conditional</animation>
			</control>
				<control type="image">
				<width>690</width>
				<height>66</height>
				<texture colordiffuse="$VAR[TextColor1]">$VAR[focus66]</texture>
				<animation effect="fade" start="100" end="75" time="200" tween="cubic" easing="out" reversible="true" condition="!Control.HasFocus(10)">Conditional</animation>
			</control>
		</focusedlayout>
	</include>
	
	<include name="DialogMediaSource_coords6">
		<include condition="String.IsEqual(Skin.AspectRatio,16:9) + False">DialogMediaSource_coords6_16:9</include>
		<include condition="String.IsEqual(Skin.AspectRatio,21:9)">DialogMediaSource_coords6_21:9</include>
		<include condition="String.IsEqual(Skin.AspectRatio,16:9) + True">DialogMediaSource_coords6_21:9_masked</include>
		<include condition="String.IsEqual(Skin.AspectRatio,4:3)">DialogMediaSource_coords6_4:3</include>
	</include>
	<include name="DialogMediaSource_coords6_16:9">
		<left>600</left>
		<top>708</top>
		<width>1170</width>
		<height>66</height>
	</include>
	<include name="DialogMediaSource_coords6_21:9">
		<left>600</left>
		<top>708</top>
		<width>1810</width>
		<height>66</height>
	</include>
	<include name="DialogMediaSource_coords6_21:9_masked">
		<left>600</left>
		<top>888</top>
		<width>1810</width>
		<height>66</height>
	</include>
	<include name="DialogMediaSource_coords6_4:3">
		<left>600</left>
		<top>708</top>
		<width>690</width>
		<height>66</height>
	</include>
	
	<include name="DialogMediaSource_coords7">
		<include condition="String.IsEqual(Skin.AspectRatio,16:9) + False">DialogMediaSource_coords7_16:9</include>
		<include condition="String.IsEqual(Skin.AspectRatio,21:9)">DialogMediaSource_coords7_21:9</include>
		<include condition="String.IsEqual(Skin.AspectRatio,16:9) + True">DialogMediaSource_coords7_21:9_masked</include>
		<include condition="String.IsEqual(Skin.AspectRatio,4:3)">DialogMediaSource_coords7_4:3</include>
	</include>
	<include name="DialogMediaSource_coords7_16:9">
		<left>600</left>
		<top>794</top>
		<width>1170</width>
		<height>74</height>
	</include>
	<include name="DialogMediaSource_coords7_21:9">
		<left>600</left>
		<top>794</top>
		<width>1810</width>
		<height>74</height>
	</include>
	<include name="DialogMediaSource_coords7_21:9_masked">
		<left>600</left>
		<top>974</top>
		<width>1810</width>
		<height>74</height>
	</include>
	<include name="DialogMediaSource_coords7_4:3">
		<left>600</left>
		<top>794</top>
		<width>690</width>
		<height>74</height>
	</include>

</includes>