<?xml version="1.0" encoding="UTF-8"?>
<includes>

	<include name="DialogNotification_coords1">
		<include condition="String.IsEqual(Skin.AspectRatio,16:9) + False">DialogNotification_coords1_16:9</include>
		<include condition="String.IsEqual(Skin.AspectRatio,21:9)">DialogNotification_coords1_21:9</include>
		<include condition="String.IsEqual(Skin.AspectRatio,16:9) + True">DialogNotification_coords1_21:9_masked</include>
		<include condition="String.IsEqual(Skin.AspectRatio,4:3)">DialogNotification_coords1_4:3</include>
	</include>
	<include name="DialogNotification_coords1_16:9">
		<right>-100</right>
		<top>90</top>
		<width>650</width>
		<height>75</height>
	</include>
	<include name="DialogNotification_coords1_21:9">
		<right>-100</right>
		<top>90</top>
		<width>650</width>
		<height>75</height>
	</include>
	<include name="DialogNotification_coords1_21:9_masked">
		<right>-100</right>
		<top>270</top>
		<width>650</width>
		<height>75</height>
	</include>
	<include name="DialogNotification_coords1_4:3">
		<right>-100</right>
		<top>90</top>
		<width>650</width>
		<height>75</height>
	</include>
	
	<include name="DialogNotification_coords2">
		<include condition="String.IsEqual(Skin.AspectRatio,16:9) + False">DialogNotification_coords2_16:9</include>
		<include condition="String.IsEqual(Skin.AspectRatio,21:9)">DialogNotification_coords2_21:9</include>
		<include condition="String.IsEqual(Skin.AspectRatio,16:9) + True">DialogNotification_coords2_21:9_masked</include>
		<include condition="String.IsEqual(Skin.AspectRatio,4:3)">DialogNotification_coords2_4:3</include>
	</include>
	<include name="DialogNotification_coords2_16:9">
		<right>10</right>
		<top>100</top>
		<width>530</width>
		<height>20</height>
	</include>
	<include name="DialogNotification_coords2_21:9">
		<right>10</right>
		<top>100</top>
		<width>530</width>
		<height>20</height>
	</include>
	<include name="DialogNotification_coords2_21:9_masked">
		<right>10</right>
		<top>280</top>
		<width>530</width>
		<height>20</height>
	</include>
	<include name="DialogNotification_coords2_4:3">
		<right>10</right>
		<top>100</top>
		<width>530</width>
		<height>20</height>
	</include>
	
	<include name="DialogNotification_coords3">
		<include condition="String.IsEqual(Skin.AspectRatio,16:9) + False">DialogNotification_coords3_16:9</include>
		<include condition="String.IsEqual(Skin.AspectRatio,21:9)">DialogNotification_coords3_21:9</include>
		<include condition="String.IsEqual(Skin.AspectRatio,16:9) + True">DialogNotification_coords3_21:9_masked</include>
		<include condition="String.IsEqual(Skin.AspectRatio,4:3)">DialogNotification_coords3_4:3</include>
	</include>
	<include name="DialogNotification_coords3_16:9">
		<right>10</right>
		<top>125</top>
		<width>530</width>
		<height>20</height>
	</include>
	<include name="DialogNotification_coords3_21:9">
		<right>10</right>
		<top>125</top>
		<width>530</width>
		<height>20</height>
	</include>
	<include name="DialogNotification_coords3_21:9_masked">
		<right>10</right>
		<top>305</top>
		<width>530</width>
		<height>20</height>
	</include>
	<include name="DialogNotification_coords3_4:3">
		<right>10</right>
		<top>125</top>
		<width>530</width>
		<height>20</height>
	</include>

</includes>