<?xml version="1.0" encoding="UTF-8"?>
<includes>

	<include name="Custom_Cache_Progress_coords1">
		<include condition="String.IsEqual(Skin.AspectRatio,16:9) + False">Custom_Cache_Progress_coords1_16:9</include>
		<include condition="String.IsEqual(Skin.AspectRatio,21:9)">Custom_Cache_Progress_coords1_21:9</include>
		<include condition="String.IsEqual(Skin.AspectRatio,16:9) + True">Custom_Cache_Progress_coords1_21:9_masked</include>
		<include condition="String.IsEqual(Skin.AspectRatio,4:3)">Custom_Cache_Progress_coords1_4:3</include>
	</include>
	<include name="Custom_Cache_Progress_coords1_16:9">
		<right>-100</right>
		<top>110</top>
		<width>650</width>
		<height>40</height>
	</include>
	<include name="Custom_Cache_Progress_coords1_21:9">
		<right>-100</right>
		<top>110</top>
		<width>650</width>
		<height>40</height>
	</include>
	<include name="Custom_Cache_Progress_coords1_21:9_masked">
		<right>-100</right>
		<top>290</top>
		<width>650</width>
		<height>40</height>
	</include>
	<include name="Custom_Cache_Progress_coords1_4:3">
		<right>-100</right>
		<top>110</top>
		<width>650</width>
		<height>40</height>
	</include>
	
	<include name="Custom_Cache_Progress_coords2">
		<include condition="String.IsEqual(Skin.AspectRatio,16:9) + False">Custom_Cache_Progress_coords2_16:9</include>
		<include condition="String.IsEqual(Skin.AspectRatio,21:9)">Custom_Cache_Progress_coords2_21:9</include>
		<include condition="String.IsEqual(Skin.AspectRatio,16:9) + True">Custom_Cache_Progress_coords2_21:9_masked</include>
		<include condition="String.IsEqual(Skin.AspectRatio,4:3)">Custom_Cache_Progress_coords2_4:3</include>
	</include>
	<include name="Custom_Cache_Progress_coords2_16:9">
		<right>10</right>
		<top>120</top>
		<width>530</width>
		<height>20</height>
	</include>
	<include name="Custom_Cache_Progress_coords2_21:9">
		<right>10</right>
		<top>120</top>
		<width>530</width>
		<height>20</height>
	</include>
	<include name="Custom_Cache_Progress_coords2_21:9_masked">
		<right>10</right>
		<top>300</top>
		<width>530</width>
		<height>20</height>
	</include>
	<include name="Custom_Cache_Progress_coords2_4:3">
		<right>10</right>
		<top>120</top>
		<width>530</width>
		<height>20</height>
	</include>
	
	<include name="Custom_Cache_Progress_coords3">
		<include condition="String.IsEqual(Skin.AspectRatio,16:9) + False">Custom_Cache_Progress_coords3_16:9</include>
		<include condition="String.IsEqual(Skin.AspectRatio,21:9)">Custom_Cache_Progress_coords3_21:9</include>
		<include condition="String.IsEqual(Skin.AspectRatio,16:9) + True">Custom_Cache_Progress_coords3_21:9_masked</include>
		<include condition="String.IsEqual(Skin.AspectRatio,4:3)">Custom_Cache_Progress_coords3_4:3</include>
	</include>
	<include name="Custom_Cache_Progress_coords3_16:9">
		<right>0</right>
		<top>148</top>
		<width>550</width>
		<height>2</height>
	</include>
	<include name="Custom_Cache_Progress_coords3_21:9">
		<right>0</right>
		<top>148</top>
		<width>550</width>
		<height>2</height>
	</include>
	<include name="Custom_Cache_Progress_coords3_21:9_masked">
		<right>0</right>
		<top>328</top>
		<width>550</width>
		<height>2</height>
	</include>
	<include name="Custom_Cache_Progress_coords3_4:3">
		<right>0</right>
		<top>148</top>
		<width>550</width>
		<height>2</height>
	</include>

</includes>