<?xml version="1.0" encoding="UTF-8"?>
<includes>

	<include name="GameOSD_coords1">
		<include condition="String.IsEqual(Skin.AspectRatio,16:9) + False">GameOSD_coords1_16:9</include>
		<include condition="String.IsEqual(Skin.AspectRatio,21:9)">GameOSD_coords1_21:9</include>
		<include condition="String.IsEqual(Skin.AspectRatio,16:9) + True">GameOSD_coords1_21:9_masked</include>
		<include condition="String.IsEqual(Skin.AspectRatio,4:3)">GameOSD_coords1_4:3</include>
	</include>
	<include name="GameOSD_coords1_16:9">
		<left>150</left>
		<top>870</top>
		<width>140</width>
		<height>60</height>
	</include>
	<include name="GameOSD_coords1_21:9">
		<left>150</left>
		<top>870</top>
		<width>140</width>
		<height>60</height>
	</include>
	<include name="GameOSD_coords1_21:9_masked">
		<left>150</left>
		<top>1050</top>
		<width>140</width>
		<height>60</height>
	</include>
	<include name="GameOSD_coords1_4:3">
		<left>150</left>
		<top>870</top>
		<width>140</width>
		<height>60</height>
	</include>
	
	<include name="GameOSD_coords2">
		<include condition="String.IsEqual(Skin.AspectRatio,16:9) + False">GameOSD_coords2_16:9</include>
		<include condition="String.IsEqual(Skin.AspectRatio,21:9)">GameOSD_coords2_21:9</include>
		<include condition="String.IsEqual(Skin.AspectRatio,16:9) + True">GameOSD_coords2_21:9_masked</include>
		<include condition="String.IsEqual(Skin.AspectRatio,4:3)">GameOSD_coords2_4:3</include>
	</include>
	<include name="GameOSD_coords2_16:9">
		<width>140</width>
		<height>60</height>
	</include>
	<include name="GameOSD_coords2_21:9">
		<width>140</width>
		<height>60</height>
	</include>
	<include name="GameOSD_coords2_21:9_masked">
		<width>140</width>
		<height>60</height>
	</include>
	<include name="GameOSD_coords2_4:3">
		<width>140</width>
		<height>60</height>
	</include>
	
	<include name="GameOSD_coords3">
		<include condition="String.IsEqual(Skin.AspectRatio,16:9) + False">GameOSD_coords3_16:9</include>
		<include condition="String.IsEqual(Skin.AspectRatio,21:9)">GameOSD_coords3_21:9</include>
		<include condition="String.IsEqual(Skin.AspectRatio,16:9) + True">GameOSD_coords3_21:9_masked</include>
		<include condition="String.IsEqual(Skin.AspectRatio,4:3)">GameOSD_coords3_4:3</include>
	</include>
	<include name="GameOSD_coords3_16:9">
		<left>40</left>
		<width>60</width>
		<height>60</height>
	</include>
	<include name="GameOSD_coords3_21:9">
		<left>40</left>
		<width>60</width>
		<height>60</height>
	</include>
	<include name="GameOSD_coords3_21:9_masked">
		<left>40</left>
		<width>60</width>
		<height>60</height>
	</include>
	<include name="GameOSD_coords3_4:3">
		<left>40</left>
		<width>60</width>
		<height>60</height>
	</include>
	
	<include name="GameOSD_coords4">
		<include condition="String.IsEqual(Skin.AspectRatio,16:9) + False">GameOSD_coords4_16:9</include>
		<include condition="String.IsEqual(Skin.AspectRatio,21:9)">GameOSD_coords4_21:9</include>
		<include condition="String.IsEqual(Skin.AspectRatio,16:9) + True">GameOSD_coords4_21:9_masked</include>
		<include condition="String.IsEqual(Skin.AspectRatio,4:3)">GameOSD_coords4_4:3</include>
	</include>
	<include name="GameOSD_coords4_16:9">
		<left>730</left>
		<top>230</top>
		<width>460</width>
		<height>620</height>
	</include>
	<include name="GameOSD_coords4_21:9">
		<left>1050</left>
		<top>230</top>
		<width>460</width>
		<height>620</height>
	</include>
	<include name="GameOSD_coords4_21:9_masked">
		<left>1050</left>
		<top>410</top>
		<width>460</width>
		<height>620</height>
	</include>
	<include name="GameOSD_coords4_4:3">
		<left>490</left>
		<top>230</top>
		<width>460</width>
		<height>620</height>
	</include>
	
	<include name="GameOSD_coords5">
		<include condition="String.IsEqual(Skin.AspectRatio,16:9) + False">GameOSD_coords5_16:9</include>
		<include condition="String.IsEqual(Skin.AspectRatio,21:9)">GameOSD_coords5_21:9</include>
		<include condition="String.IsEqual(Skin.AspectRatio,16:9) + True">GameOSD_coords5_21:9_masked</include>
		<include condition="String.IsEqual(Skin.AspectRatio,4:3)">GameOSD_coords5_4:3</include>
	</include>
	<include name="GameOSD_coords5_16:9">
		<width>460</width>
		<height>620</height>
	</include>
	<include name="GameOSD_coords5_21:9">
		<width>460</width>
		<height>620</height>
	</include>
	<include name="GameOSD_coords5_21:9_masked">
		<width>460</width>
		<height>620</height>
	</include>
	<include name="GameOSD_coords5_4:3">
		<width>460</width>
		<height>620</height>
	</include>
	
	<include name="GameOSD_coords6">
		<include condition="String.IsEqual(Skin.AspectRatio,16:9) + False">GameOSD_coords6_16:9</include>
		<include condition="String.IsEqual(Skin.AspectRatio,21:9)">GameOSD_coords6_21:9</include>
		<include condition="String.IsEqual(Skin.AspectRatio,16:9) + True">GameOSD_coords6_21:9_masked</include>
		<include condition="String.IsEqual(Skin.AspectRatio,4:3)">GameOSD_coords6_4:3</include>
	</include>
	<include name="GameOSD_coords6_16:9">
		<left>20</left>
		<top>30</top>
		<width>420</width>
		<height>33</height>
	</include>
	<include name="GameOSD_coords6_21:9">
		<left>20</left>
		<top>30</top>
		<width>420</width>
		<height>33</height>
	</include>
	<include name="GameOSD_coords6_21:9_masked">
		<left>20</left>
		<top>30</top>
		<width>420</width>
		<height>33</height>
	</include>
	<include name="GameOSD_coords6_4:3">
		<left>20</left>
		<top>30</top>
		<width>420</width>
		<height>33</height>
	</include>
	
	<include name="GameOSD_coords7">
		<include condition="String.IsEqual(Skin.AspectRatio,16:9) + False">GameOSD_coords7_16:9</include>
		<include condition="String.IsEqual(Skin.AspectRatio,21:9)">GameOSD_coords7_21:9</include>
		<include condition="String.IsEqual(Skin.AspectRatio,16:9) + True">GameOSD_coords7_21:9_masked</include>
		<include condition="String.IsEqual(Skin.AspectRatio,4:3)">GameOSD_coords7_4:3</include>
	</include>
	<include name="GameOSD_coords7_16:9">
		<left>20</left>
		<top>90</top>
		<width>420</width>
		<height>510</height>
	</include>
	<include name="GameOSD_coords7_21:9">
		<left>20</left>
		<top>90</top>
		<width>420</width>
		<height>510</height>
	</include>
	<include name="GameOSD_coords7_21:9_masked">
		<left>20</left>
		<top>90</top>
		<width>420</width>
		<height>510</height>
	</include>
	<include name="GameOSD_coords7_4:3">
		<left>20</left>
		<top>90</top>
		<width>420</width>
		<height>510</height>
	</include>
	
	<include name="GameOSD_coords8">
		<include condition="String.IsEqual(Skin.AspectRatio,16:9) + False">GameOSD_coords8_16:9</include>
		<include condition="String.IsEqual(Skin.AspectRatio,21:9)">GameOSD_coords8_21:9</include>
		<include condition="String.IsEqual(Skin.AspectRatio,16:9) + True">GameOSD_coords8_21:9_masked</include>
		<include condition="String.IsEqual(Skin.AspectRatio,4:3)">GameOSD_coords8_4:3</include>
	</include>
	<include name="GameOSD_coords8_16:9">
		<width>420</width>
		<height>50</height>
	</include>
	<include name="GameOSD_coords8_21:9">
		<width>420</width>
		<height>50</height>
	</include>
	<include name="GameOSD_coords8_21:9_masked">
		<width>420</width>
		<height>50</height>
	</include>
	<include name="GameOSD_coords8_4:3">
		<width>420</width>
		<height>50</height>
	</include>
	
	<include name="GameOSD_coords9">
		<include condition="String.IsEqual(Skin.AspectRatio,16:9) + False">GameOSD_coords9_16:9</include>
		<include condition="String.IsEqual(Skin.AspectRatio,21:9)">GameOSD_coords9_21:9</include>
		<include condition="String.IsEqual(Skin.AspectRatio,16:9) + True">GameOSD_coords9_21:9_masked</include>
		<include condition="String.IsEqual(Skin.AspectRatio,4:3)">GameOSD_coords9_4:3</include>
	</include>
	<include name="GameOSD_coords9_16:9">
		<width>420</width>
		<height>30</height> 
	</include>
	<include name="GameOSD_coords9_21:9">
		<width>420</width>
		<height>30</height> 
	</include>
	<include name="GameOSD_coords9_21:9_masked">
		<width>420</width>
		<height>30</height> 
	</include>
	<include name="GameOSD_coords9_4:3">
		<width>420</width>
		<height>30</height> 
	</include>

</includes>