<?xml version="1.0" encoding="UTF-8"?>
<includes>

	<include name="MyGames_coords1">
		<include condition="String.IsEqual(Skin.AspectRatio,16:9) + False">MyGames_coords1_16:9</include>
		<include condition="String.IsEqual(Skin.AspectRatio,21:9)">MyGames_coords1_21:9</include>
		<include condition="String.IsEqual(Skin.AspectRatio,16:9) + True">MyGames_coords1_21:9_masked</include>
		<include condition="String.IsEqual(Skin.AspectRatio,4:3)">MyGames_coords1_4:3</include>
	</include>
	<include name="MyGames_coords1_16:9">
		<left>690</left>
		<centertop>50%</centertop>
		<width>20</width>
		<height>720</height>
	</include>
	<include name="MyGames_coords1_21:9">
		<left>690</left>
		<centertop>50%</centertop>
		<width>20</width>
		<height>720</height>
	</include>
	<include name="MyGames_coords1_21:9_masked">
		<left>690</left>
		<centertop>50%</centertop>
		<width>20</width>
		<height>720</height>
	</include>
	<include name="MyGames_coords1_4:3">
		<left>690</left>
		<centertop>50%</centertop>
		<width>20</width>
		<height>720</height>
	</include>
	
	<include name="MyGames_coords2">
		<include condition="String.IsEqual(Skin.AspectRatio,16:9) + False">MyGames_coords2_16:9</include>
		<include condition="String.IsEqual(Skin.AspectRatio,21:9)">MyGames_coords2_21:9</include>
		<include condition="String.IsEqual(Skin.AspectRatio,16:9) + True">MyGames_coords2_21:9_masked</include>
		<include condition="String.IsEqual(Skin.AspectRatio,4:3)">MyGames_coords2_4:3</include>
	</include>
	<include name="MyGames_coords2_16:9">
		<left>120</left>
		<top>192</top>
		<width>20</width>
		<height>633</height>
	</include>
	<include name="MyGames_coords2_21:9">
		<left>120</left>
		<top>192</top>
		<width>20</width>
		<height>633</height>
	</include>
	<include name="MyGames_coords2_21:9_masked">
		<left>120</left>
		<top>372</top>
		<width>20</width>
		<height>633</height>
	</include>
	<include name="MyGames_coords2_4:3">
		<left>120</left>
		<top>192</top>
		<width>20</width>
		<height>633</height>
	</include>

</includes>