<?xml version="1.0" encoding="UTF-8"?>
<includes>

	<include name="PlayerControls_coords1">
		<include condition="String.IsEqual(Skin.AspectRatio,16:9) + False">PlayerControls_coords1_16:9</include>
		<include condition="String.IsEqual(Skin.AspectRatio,21:9)">PlayerControls_coords1_21:9</include>
		<include condition="String.IsEqual(Skin.AspectRatio,16:9) + True">PlayerControls_coords1_21:9_masked</include>
		<include condition="String.IsEqual(Skin.AspectRatio,4:3)">PlayerControls_coords1_4:3</include>
	</include>
	<include name="PlayerControls_coords1_16:9">
		<left>150</left>
		<top>985</top>
		<width>1620</width>
		<height>60</height>
	</include>
	<include name="PlayerControls_coords1_21:9">
		<left>150</left>
		<top>985</top>
		<width>2260</width>
		<height>60</height>
	</include>
	<include name="PlayerControls_coords1_21:9_masked">
		<left>150</left>
		<top>1165</top>
		<width>2260</width>
		<height>60</height>
	</include>
	<include name="PlayerControls_coords1_4:3">
		<left>150</left>
		<top>985</top>
		<width>1140</width>
		<height>60</height>
	</include>
	
	<include name="PlayerControls_coords2">
		<include condition="String.IsEqual(Skin.AspectRatio,16:9) + False">PlayerControls_coords2_16:9</include>
		<include condition="String.IsEqual(Skin.AspectRatio,21:9)">PlayerControls_coords2_21:9</include>
		<include condition="String.IsEqual(Skin.AspectRatio,16:9) + True">PlayerControls_coords2_21:9_masked</include>
		<include condition="String.IsEqual(Skin.AspectRatio,4:3)">PlayerControls_coords2_4:3</include>
	</include>
	<include name="PlayerControls_coords2_16:9">
		<width>1620</width>
		<height>60</height>
	</include>
	<include name="PlayerControls_coords2_21:9">
		<width>2260</width>
		<height>60</height>
	</include>
	<include name="PlayerControls_coords2_21:9_masked">
		<width>2260</width>
		<height>60</height>
	</include>
	<include name="PlayerControls_coords2_4:3">
		<width>1140</width>
		<height>60</height>
	</include>
	
	<include name="PlayerControls_coords3">
		<include condition="String.IsEqual(Skin.AspectRatio,16:9) + False">PlayerControls_coords3_16:9</include>
		<include condition="String.IsEqual(Skin.AspectRatio,21:9)">PlayerControls_coords3_21:9</include>
		<include condition="String.IsEqual(Skin.AspectRatio,16:9) + True">PlayerControls_coords3_21:9_masked</include>
		<include condition="String.IsEqual(Skin.AspectRatio,4:3)">PlayerControls_coords3_4:3</include>
	</include>
	<include name="PlayerControls_coords3_16:9">
		<width>360</width>
		<height>60</height>
	</include>
	<include name="PlayerControls_coords3_21:9">
		<width>360</width>
		<height>60</height>
	</include>
	<include name="PlayerControls_coords3_21:9_masked">
		<width>360</width>
		<height>60</height>
	</include>
	<include name="PlayerControls_coords3_4:3">
		<width>360</width>
		<height>60</height>
	</include>
	
	<include name="PlayerControls_coords4">
		<include condition="String.IsEqual(Skin.AspectRatio,16:9) + False">PlayerControls_coords4_16:9</include>
		<include condition="String.IsEqual(Skin.AspectRatio,21:9)">PlayerControls_coords4_21:9</include>
		<include condition="String.IsEqual(Skin.AspectRatio,16:9) + True">PlayerControls_coords4_21:9_masked</include>
		<include condition="String.IsEqual(Skin.AspectRatio,4:3)">PlayerControls_coords4_4:3</include>
	</include>
	<include name="PlayerControls_coords4_16:9">
		<left>0</left>
		<top>0</top>
		<width>7</width>
		<height>60</height>
	</include>
	<include name="PlayerControls_coords4_21:9">
		<left>0</left>
		<top>0</top>
		<width>7</width>
		<height>60</height>
	</include>
	<include name="PlayerControls_coords4_21:9_masked">
		<left>0</left>
		<top>0</top>
		<width>7</width>
		<height>60</height>
	</include>
	<include name="PlayerControls_coords4_4:3">
		<left>0</left>
		<top>0</top>
		<width>7</width>
		<height>60</height>
	</include>
	
	<include name="PlayerControls_coords5">
		<include condition="String.IsEqual(Skin.AspectRatio,16:9) + False">PlayerControls_coords5_16:9</include>
		<include condition="String.IsEqual(Skin.AspectRatio,21:9)">PlayerControls_coords5_21:9</include>
		<include condition="String.IsEqual(Skin.AspectRatio,16:9) + True">PlayerControls_coords5_21:9_masked</include>
		<include condition="String.IsEqual(Skin.AspectRatio,4:3)">PlayerControls_coords5_4:3</include>
	</include>
	<include name="PlayerControls_coords5_16:9">
		<width>9</width>
		<height>60</height>
	</include>
	<include name="PlayerControls_coords5_21:9">
		<width>9</width>
		<height>60</height>
	</include>
	<include name="PlayerControls_coords5_21:9_masked">
		<width>9</width>
		<height>60</height>
	</include>
	<include name="PlayerControls_coords5_4:3">
		<width>9</width>
		<height>60</height>
	</include>
	
	<include name="PlayerControls_coords6">
		<include condition="String.IsEqual(Skin.AspectRatio,16:9) + False">PlayerControls_coords6_16:9</include>
		<include condition="String.IsEqual(Skin.AspectRatio,21:9)">PlayerControls_coords6_21:9</include>
		<include condition="String.IsEqual(Skin.AspectRatio,16:9) + True">PlayerControls_coords6_21:9_masked</include>
		<include condition="String.IsEqual(Skin.AspectRatio,4:3)">PlayerControls_coords6_4:3</include>
	</include>
	<include name="PlayerControls_coords6_16:9">
		<width>18</width>
		<height>60</height>
	</include>
	<include name="PlayerControls_coords6_21:9">
		<width>18</width>
		<height>60</height>
	</include>
	<include name="PlayerControls_coords6_21:9_masked">
		<width>18</width>
		<height>60</height>
	</include>
	<include name="PlayerControls_coords6_4:3">
		<width>18</width>
		<height>60</height>
	</include>
	
	<include name="PlayerControls_coords7">
		<include condition="String.IsEqual(Skin.AspectRatio,16:9) + False">PlayerControls_coords7_16:9</include>
		<include condition="String.IsEqual(Skin.AspectRatio,21:9)">PlayerControls_coords7_21:9</include>
		<include condition="String.IsEqual(Skin.AspectRatio,16:9) + True">PlayerControls_coords7_21:9_masked</include>
		<include condition="String.IsEqual(Skin.AspectRatio,4:3)">PlayerControls_coords7_4:3</include>
	</include>
	<include name="PlayerControls_coords7_16:9">
		<width>60</width>
		<height>60</height>
	</include>
	<include name="PlayerControls_coords7_21:9">
		<width>60</width>
		<height>60</height>
	</include>
	<include name="PlayerControls_coords7_21:9_masked">
		<width>60</width>
		<height>60</height>
	</include>
	<include name="PlayerControls_coords7_4:3">
		<width>60</width>
		<height>60</height>
	</include>
	
	<include name="PlayerControls_coords8">
		<include condition="String.IsEqual(Skin.AspectRatio,16:9) + False">PlayerControls_coords8_16:9</include>
		<include condition="String.IsEqual(Skin.AspectRatio,21:9)">PlayerControls_coords8_21:9</include>
		<include condition="String.IsEqual(Skin.AspectRatio,16:9) + True">PlayerControls_coords8_21:9_masked</include>
		<include condition="String.IsEqual(Skin.AspectRatio,4:3)">PlayerControls_coords8_4:3</include>
	</include>
	<include name="PlayerControls_coords8_16:9">
		<right>0</right>
		<width>420</width>
		<height>60</height>
	</include>
	<include name="PlayerControls_coords8_21:9">
		<right>0</right>
		<width>420</width>
		<height>60</height>
	</include>
	<include name="PlayerControls_coords8_21:9_masked">
		<right>0</right>
		<width>420</width>
		<height>60</height>
	</include>
	<include name="PlayerControls_coords8_4:3">
		<right>0</right>
		<width>420</width>
		<height>60</height>
	</include>
	
	<include name="PlayerControls_coords9">
		<include condition="String.IsEqual(Skin.AspectRatio,16:9) + False">PlayerControls_coords9_16:9</include>
		<include condition="String.IsEqual(Skin.AspectRatio,21:9)">PlayerControls_coords9_21:9</include>
		<include condition="String.IsEqual(Skin.AspectRatio,16:9) + True">PlayerControls_coords9_21:9_masked</include>
		<include condition="String.IsEqual(Skin.AspectRatio,4:3)">PlayerControls_coords9_4:3</include>
	</include>
	<include name="PlayerControls_coords9_16:9">
		<right>60</right>
		<width>60</width>
		<height>60</height>
	</include>
	<include name="PlayerControls_coords9_21:9">
		<right>60</right>
		<width>60</width>
		<height>60</height>
	</include>
	<include name="PlayerControls_coords9_21:9_masked">
		<right>60</right>
		<width>60</width>
		<height>60</height>
	</include>
	<include name="PlayerControls_coords9_4:3">
		<right>60</right>
		<width>60</width>
		<height>60</height>
	</include>

</includes>