<?xml version="1.0" encoding="UTF-8"?>
<includes>

	<include name="DialogAddonSettings_coords1">
		<include condition="String.IsEqual(Skin.AspectRatio,16:9) + False">DialogAddonSettings_coords1_16:9</include>
		<include condition="String.IsEqual(Skin.AspectRatio,21:9)">DialogAddonSettings_coords1_21:9</include>
		<include condition="String.IsEqual(Skin.AspectRatio,16:9) + True">DialogAddonSettings_coords1_21:9_masked</include>
		<include condition="String.IsEqual(Skin.AspectRatio,4:3)">DialogAddonSettings_coords1_4:3</include>
	</include>
	<include name="DialogAddonSettings_coords1_16:9">
		<left>150</left>
		<top>228</top>
		<width>360</width>
		<height>660</height>
	</include>
	<include name="DialogAddonSettings_coords1_21:9">
		<left>150</left>
		<top>228</top>
		<width>360</width>
		<height>660</height>
	</include>
	<include name="DialogAddonSettings_coords1_21:9_masked">
		<left>150</left>
		<top>408</top>
		<width>360</width>
		<height>660</height>
	</include>
	<include name="DialogAddonSettings_coords1_4:3">
		<left>150</left>
		<top>228</top>
		<width>360</width>
		<height>660</height>
	</include>
	
	<include name="DialogAddonSettings_coords2">
		<include condition="String.IsEqual(Skin.AspectRatio,16:9) + False">DialogAddonSettings_coords2_16:9</include>
		<include condition="String.IsEqual(Skin.AspectRatio,21:9)">DialogAddonSettings_coords2_21:9</include>
		<include condition="String.IsEqual(Skin.AspectRatio,16:9) + True">DialogAddonSettings_coords2_21:9_masked</include>
		<include condition="String.IsEqual(Skin.AspectRatio,4:3)">DialogAddonSettings_coords2_4:3</include>
	</include>
	<include name="DialogAddonSettings_coords2_16:9">
		<width>360</width>
		<height>66</height>
	</include>
	<include name="DialogAddonSettings_coords2_21:9">
		<width>360</width>
		<height>66</height>
	</include>
	<include name="DialogAddonSettings_coords2_21:9_masked">
		<width>360</width>
		<height>66</height>
	</include>
	<include name="DialogAddonSettings_coords2_4:3">
		<width>360</width>
		<height>66</height>
	</include>
	
	<include name="DialogAddonSettings_coords3">
		<include condition="String.IsEqual(Skin.AspectRatio,16:9) + False">DialogAddonSettings_coords3_16:9</include>
		<include condition="String.IsEqual(Skin.AspectRatio,21:9)">DialogAddonSettings_coords3_21:9</include>
		<include condition="String.IsEqual(Skin.AspectRatio,16:9) + True">DialogAddonSettings_coords3_21:9_masked</include>
		<include condition="String.IsEqual(Skin.AspectRatio,4:3)">DialogAddonSettings_coords3_4:3</include>
	</include>
	<include name="DialogAddonSettings_coords3_16:9">
		<left>600</left>
		<top>228</top>
		<width>1170</width>
		<height>660</height>
	</include>
	<include name="DialogAddonSettings_coords3_21:9">
		<left>600</left>
		<top>228</top>
		<width>1810</width>
		<height>660</height>
	</include>
	<include name="DialogAddonSettings_coords3_21:9_masked">
		<left>600</left>
		<top>408</top>
		<width>1810</width>
		<height>660</height>
	</include>
	<include name="DialogAddonSettings_coords3_4:3">
		<left>600</left>
		<top>228</top>
		<width>690</width>
		<height>660</height>
	</include>
	
	<include name="DialogAddonSettings_coords4">
		<include condition="String.IsEqual(Skin.AspectRatio,16:9) + False">DialogAddonSettings_coords4_16:9</include>
		<include condition="String.IsEqual(Skin.AspectRatio,21:9)">DialogAddonSettings_coords4_21:9</include>
		<include condition="String.IsEqual(Skin.AspectRatio,16:9) + True">DialogAddonSettings_coords4_21:9_masked</include>
		<include condition="String.IsEqual(Skin.AspectRatio,4:3)">DialogAddonSettings_coords4_4:3</include>
	</include>
	<include name="DialogAddonSettings_coords4_16:9">
		<width>1170</width>
		<height>66</height>
	</include>
	<include name="DialogAddonSettings_coords4_21:9">
		<width>1810</width>
		<height>66</height>
	</include>
	<include name="DialogAddonSettings_coords4_21:9_masked">
		<width>1810</width>
		<height>66</height>
	</include>
	<include name="DialogAddonSettings_coords4_4:3">
		<width>690</width>
		<height>66</height>
	</include>
	
	<include name="DialogAddonSettings_coords5">
		<include condition="String.IsEqual(Skin.AspectRatio,16:9) + False">DialogAddonSettings_coords5_16:9</include>
		<include condition="String.IsEqual(Skin.AspectRatio,21:9)">DialogAddonSettings_coords5_21:9</include>
		<include condition="String.IsEqual(Skin.AspectRatio,16:9) + True">DialogAddonSettings_coords5_21:9_masked</include>
		<include condition="String.IsEqual(Skin.AspectRatio,4:3)">DialogAddonSettings_coords5_4:3</include>
	</include>
	<include name="DialogAddonSettings_coords5_16:9">
		<width>1170</width>
		<height>66</height>
		<textwidth>1090</textwidth>
	</include>
	<include name="DialogAddonSettings_coords5_21:9">
		<width>1810</width>
		<height>66</height>
		<textwidth>1730</textwidth>
	</include>
	<include name="DialogAddonSettings_coords5_21:9_masked">
		<width>1810</width>
		<height>66</height>
		<textwidth>1730</textwidth>
	</include>
	<include name="DialogAddonSettings_coords5_4:3">
		<width>690</width>
		<height>66</height>
		<textwidth>610</textwidth>
	</include>
	
	<include name="DialogAddonSettings_coords6">
		<include condition="String.IsEqual(Skin.AspectRatio,16:9) + False">DialogAddonSettings_coords6_16:9</include>
		<include condition="String.IsEqual(Skin.AspectRatio,21:9)">DialogAddonSettings_coords6_21:9</include>
		<include condition="String.IsEqual(Skin.AspectRatio,16:9) + True">DialogAddonSettings_coords6_21:9_masked</include>
		<include condition="String.IsEqual(Skin.AspectRatio,4:3)">DialogAddonSettings_coords6_4:3</include>
	</include>
	<include name="DialogAddonSettings_coords6_16:9">
		<width>1170</width>
		<height>20</height>
	</include>
	<include name="DialogAddonSettings_coords6_21:9">
		<width>1810</width>
		<height>20</height>
	</include>
	<include name="DialogAddonSettings_coords6_21:9_masked">
		<width>1810</width>
		<height>20</height>
	</include>
	<include name="DialogAddonSettings_coords6_4:3">
		<width>690</width>
		<height>20</height>
	</include>

</includes>