<?xml version="1.0" encoding="UTF-8"?>
<includes>

	<include name="DialogSlider_coords1">
		<include condition="String.IsEqual(Skin.AspectRatio,16:9) + False">DialogSlider_coords1_16:9</include>
		<include condition="String.IsEqual(Skin.AspectRatio,21:9)">DialogSlider_coords1_21:9</include>
		<include condition="String.IsEqual(Skin.AspectRatio,16:9) + True">DialogSlider_coords1_21:9_masked</include>
		<include condition="String.IsEqual(Skin.AspectRatio,4:3)">DialogSlider_coords1_4:3</include>
	</include>
	<include name="DialogSlider_coords1_16:9">
		<centerleft>50%</centerleft>
		<top>10</top>
		<width>550</width>
		<height>75</height>
	</include>
	<include name="DialogSlider_coords1_21:9">
		<centerleft>50%</centerleft>
		<top>10</top>
		<width>550</width>
		<height>75</height>
	</include>
	<include name="DialogSlider_coords1_21:9_masked">
		<centerleft>50%</centerleft>
		<top>190</top>
		<width>550</width>
		<height>75</height>
	</include>
	<include name="DialogSlider_coords1_4:3">
		<centerleft>50%</centerleft>
		<top>10</top>
		<width>550</width>
		<height>75</height>
	</include>
	
	<include name="DialogSlider_coords2">
		<include condition="String.IsEqual(Skin.AspectRatio,16:9) + False">DialogSlider_coords2_16:9</include>
		<include condition="String.IsEqual(Skin.AspectRatio,21:9)">DialogSlider_coords2_21:9</include>
		<include condition="String.IsEqual(Skin.AspectRatio,16:9) + True">DialogSlider_coords2_21:9_masked</include>
		<include condition="String.IsEqual(Skin.AspectRatio,4:3)">DialogSlider_coords2_4:3</include>
	</include>
	<include name="DialogSlider_coords2_16:9">
		<width>550</width>
		<height>75</height>
	</include>
	<include name="DialogSlider_coords2_21:9">
		<width>550</width>
		<height>75</height>
	</include>
	<include name="DialogSlider_coords2_21:9_masked">
		<width>550</width>
		<height>75</height>
	</include>
	<include name="DialogSlider_coords2_4:3">
		<width>550</width>
		<height>75</height>
	</include>
	
	<include name="DialogSlider_coords3">
		<include condition="String.IsEqual(Skin.AspectRatio,16:9) + False">DialogSlider_coords3_16:9</include>
		<include condition="String.IsEqual(Skin.AspectRatio,21:9)">DialogSlider_coords3_21:9</include>
		<include condition="String.IsEqual(Skin.AspectRatio,16:9) + True">DialogSlider_coords3_21:9_masked</include>
		<include condition="String.IsEqual(Skin.AspectRatio,4:3)">DialogSlider_coords3_4:3</include>
	</include>
	<include name="DialogSlider_coords3_16:9">
		<top>10</top>
		<width>550</width>
		<height>20</height>
	</include>
	<include name="DialogSlider_coords3_21:9">
		<top>10</top>
		<width>550</width>
		<height>20</height>
	</include>
	<include name="DialogSlider_coords3_21:9_masked">
		<top>10</top>
		<width>550</width>
		<height>20</height>
	</include>
	<include name="DialogSlider_coords3_4:3">
		<top>10</top>
		<width>550</width>
		<height>20</height>
	</include>
	
	<include name="DialogSlider_coords4">
		<include condition="String.IsEqual(Skin.AspectRatio,16:9) + False">DialogSlider_coords4_16:9</include>
		<include condition="String.IsEqual(Skin.AspectRatio,21:9)">DialogSlider_coords4_21:9</include>
		<include condition="String.IsEqual(Skin.AspectRatio,16:9) + True">DialogSlider_coords4_21:9_masked</include>
		<include condition="String.IsEqual(Skin.AspectRatio,4:3)">DialogSlider_coords4_4:3</include>
	</include>
	<include name="DialogSlider_coords4_16:9">
		<top>35</top>
		<width>550</width>
		<height>25</height>
	</include>
	<include name="DialogSlider_coords4_21:9">
		<top>35</top>
		<width>550</width>
		<height>25</height>
	</include>
	<include name="DialogSlider_coords4_21:9_masked">
		<top>35</top>
		<width>550</width>
		<height>25</height>
	</include>
	<include name="DialogSlider_coords4_4:3">
		<top>35</top>
		<width>550</width>
		<height>25</height>
	</include>
	
	<include name="DialogSlider_coords5">
		<include condition="String.IsEqual(Skin.AspectRatio,16:9) + False">DialogSlider_coords5_16:9</include>
		<include condition="String.IsEqual(Skin.AspectRatio,21:9)">DialogSlider_coords5_21:9</include>
		<include condition="String.IsEqual(Skin.AspectRatio,16:9) + True">DialogSlider_coords5_21:9_masked</include>
		<include condition="String.IsEqual(Skin.AspectRatio,4:3)">DialogSlider_coords5_4:3</include>
	</include>
	<include name="DialogSlider_coords5_16:9">
		<top>65</top>
		<width>550</width>
		<height>20</height>
	</include>
	<include name="DialogSlider_coords5_21:9">
		<top>65</top>
		<width>550</width>
		<height>20</height>
	</include>
	<include name="DialogSlider_coords5_21:9_masked">
		<top>65</top>
		<width>550</width>
		<height>20</height>
	</include>
	<include name="DialogSlider_coords5_4:3">
		<top>65</top>
		<width>550</width>
		<height>20</height>
	</include>

</includes>