<?xml version="1.0" encoding="UTF-8"?>
<includes>

	<include name="SettingsCategory_coords1">
		<include condition="String.IsEqual(Skin.AspectRatio,16:9) + False">SettingsCategory_coords1_16:9</include>
		<include condition="String.IsEqual(Skin.AspectRatio,21:9)">SettingsCategory_coords1_21:9</include>
		<include condition="String.IsEqual(Skin.AspectRatio,16:9) + True">SettingsCategory_coords1_21:9_masked</include>
		<include condition="String.IsEqual(Skin.AspectRatio,4:3)">SettingsCategory_coords1_4:3</include>
	</include>
	<include name="SettingsCategory_coords1_16:9">
		<left>120</left>
		<top>228</top>
		<width>300</width>
		<height>660</height>
	</include>
	<include name="SettingsCategory_coords1_21:9">
		<left>120</left>
		<top>228</top>
		<width>300</width>
		<height>660</height>
	</include>
	<include name="SettingsCategory_coords1_21:9_masked">
		<left>120</left>
		<top>408</top>
		<width>300</width>
		<height>660</height>
	</include>
	<include name="SettingsCategory_coords1_4:3">
		<left>120</left>
		<top>228</top>
		<width>300</width>
		<height>660</height>
	</include>
	
	<include name="SettingsCategory_coords2">
		<include condition="String.IsEqual(Skin.AspectRatio,16:9) + False">SettingsCategory_coords2_16:9</include>
		<include condition="String.IsEqual(Skin.AspectRatio,21:9)">SettingsCategory_coords2_21:9</include>
		<include condition="String.IsEqual(Skin.AspectRatio,16:9) + True">SettingsCategory_coords2_21:9_masked</include>
		<include condition="String.IsEqual(Skin.AspectRatio,4:3)">SettingsCategory_coords2_4:3</include>
	</include>
	<include name="SettingsCategory_coords2_16:9">
		<left>550</left>
		<top>228</top>
		<width>1250</width>
		<height>660</height>
	</include>
	<include name="SettingsCategory_coords2_21:9">
		<left>550</left>
		<top>228</top>
		<width>1890</width>
		<height>660</height>
	</include>
	<include name="SettingsCategory_coords2_21:9_masked">
		<left>550</left>
		<top>408</top>
		<width>1890</width>
		<height>660</height>
	</include>
	<include name="SettingsCategory_coords2_4:3">
		<left>550</left>
		<top>228</top>
		<width>770</width>
		<height>660</height>
	</include>
	
	<include name="SettingsCategory_coords3">
		<include condition="String.IsEqual(Skin.AspectRatio,16:9) + False">SettingsCategory_coords3_16:9</include>
		<include condition="String.IsEqual(Skin.AspectRatio,21:9)">SettingsCategory_coords3_21:9</include>
		<include condition="String.IsEqual(Skin.AspectRatio,16:9) + True">SettingsCategory_coords3_21:9_masked</include>
		<include condition="String.IsEqual(Skin.AspectRatio,4:3)">SettingsCategory_coords3_4:3</include>
	</include>
	<include name="SettingsCategory_coords3_16:9">
		<left>550</left>
		<top>900</top>
		<width>1250</width>
		<height>95</height>
	</include>
	<include name="SettingsCategory_coords3_21:9">
		<left>550</left>
		<top>900</top>
		<width>1890</width>
		<height>95</height>
	</include>
	<include name="SettingsCategory_coords3_21:9_masked">
		<left>550</left>
		<top>1080</top>
		<width>1890</width>
		<height>95</height>
	</include>
	<include name="SettingsCategory_coords3_4:3">
		<left>550</left>
		<top>900</top>
		<width>770</width>
		<height>95</height>
	</include>
	
	<include name="SettingsCategory_coords4">
		<include condition="String.IsEqual(Skin.AspectRatio,16:9) + False">SettingsCategory_coords4_16:9</include>
		<include condition="String.IsEqual(Skin.AspectRatio,21:9)">SettingsCategory_coords4_21:9</include>
		<include condition="String.IsEqual(Skin.AspectRatio,16:9) + True">SettingsCategory_coords4_21:9_masked</include>
		<include condition="String.IsEqual(Skin.AspectRatio,4:3)">SettingsCategory_coords4_4:3</include>
	</include>
	<include name="SettingsCategory_coords4_16:9">
		<include content="Indicators">
			<param name="left">500</param>
			<param name="top">253</param>
			<param name="height">610</param>
			<param name="container">5</param>
		</include>
	</include>
	<include name="SettingsCategory_coords4_21:9">
		<include content="Indicators">
			<param name="left">500</param>
			<param name="top">253</param>
			<param name="height">610</param>
			<param name="container">5</param>
		</include>
	</include>
	<include name="SettingsCategory_coords4_21:9_masked">
		<include content="Indicators">
			<param name="left">500</param>
			<param name="top">433</param>
			<param name="height">610</param>
			<param name="container">5</param>
		</include>
	</include>
	<include name="SettingsCategory_coords4_4:3">
		<include content="Indicators">
			<param name="left">500</param>
			<param name="top">253</param>
			<param name="height">610</param>
			<param name="container">5</param>
		</include>
	</include>
	
	<include name="SettingsCategory_coords5">
		<include condition="String.IsEqual(Skin.AspectRatio,16:9) + False">SettingsCategory_coords5_16:9</include>
		<include condition="String.IsEqual(Skin.AspectRatio,21:9)">SettingsCategory_coords5_21:9</include>
		<include condition="String.IsEqual(Skin.AspectRatio,16:9) + True">SettingsCategory_coords5_21:9_masked</include>
		<include condition="String.IsEqual(Skin.AspectRatio,4:3)">SettingsCategory_coords5_4:3</include>
	</include>
	<include name="SettingsCategory_coords5_16:9">
		<left>120</left>
		<bottom>110</bottom>
		<width>800</width>
		<height>44</height>
	</include>
	<include name="SettingsCategory_coords5_21:9">
		<left>120</left>
		<bottom>110</bottom>
		<width>800</width>
		<height>44</height>
	</include>
	<include name="SettingsCategory_coords5_21:9_masked">
		<left>120</left>
		<bottom>290</bottom>
		<width>800</width>
		<height>44</height>
	</include>
	<include name="SettingsCategory_coords5_4:3">
		<left>120</left>
		<bottom>110</bottom>
		<width>770</width>
		<height>44</height>
	</include>
	
	<include name="SettingsCategory_coords6">
		<include condition="String.IsEqual(Skin.AspectRatio,16:9) + False">SettingsCategory_coords6_16:9</include>
		<include condition="String.IsEqual(Skin.AspectRatio,21:9)">SettingsCategory_coords6_21:9</include>
		<include condition="String.IsEqual(Skin.AspectRatio,16:9) + True">SettingsCategory_coords6_21:9_masked</include>
		<include condition="String.IsEqual(Skin.AspectRatio,4:3)">SettingsCategory_coords6_4:3</include>
	</include>
	<include name="SettingsCategory_coords6_16:9">
		<width>1250</width>
		<height>66</height>
	</include>
	<include name="SettingsCategory_coords6_21:9">
		<width>1890</width>
		<height>66</height>
	</include>
	<include name="SettingsCategory_coords6_21:9_masked">
		<width>1890</width>
		<height>66</height>
	</include>
	<include name="SettingsCategory_coords6_4:3">
		<width>770</width>
		<height>66</height>
	</include>
	
	<include name="SettingsCategory_coords7">
		<include condition="String.IsEqual(Skin.AspectRatio,16:9) + False">SettingsCategory_coords7_16:9</include>
		<include condition="String.IsEqual(Skin.AspectRatio,21:9)">SettingsCategory_coords7_21:9</include>
		<include condition="String.IsEqual(Skin.AspectRatio,16:9) + True">SettingsCategory_coords7_21:9_masked</include>
		<include condition="String.IsEqual(Skin.AspectRatio,4:3)">SettingsCategory_coords7_4:3</include>
	</include>
	<include name="SettingsCategory_coords7_16:9">
		<width>300</width>
		<height>66</height>
	</include>
	<include name="SettingsCategory_coords7_21:9">
		<width>300</width>
		<height>66</height>
	</include>
	<include name="SettingsCategory_coords7_21:9_masked">
		<width>300</width>
		<height>66</height>
	</include>
	<include name="SettingsCategory_coords7_4:3">
		<width>300</width>
		<height>66</height>
	</include>
	
	<include name="SettingsCategory_coords8">
		<include condition="String.IsEqual(Skin.AspectRatio,16:9) + False">SettingsCategory_coords8_16:9</include>
		<include condition="String.IsEqual(Skin.AspectRatio,21:9)">SettingsCategory_coords8_21:9</include>
		<include condition="String.IsEqual(Skin.AspectRatio,16:9) + True">SettingsCategory_coords8_21:9_masked</include>
		<include condition="String.IsEqual(Skin.AspectRatio,4:3)">SettingsCategory_coords8_4:3</include>
	</include>
	<include name="SettingsCategory_coords8_16:9">
		<width>1250</width>
		<height>66</height>
		<textwidth>930</textwidth>
	</include>
	<include name="SettingsCategory_coords8_21:9">
		<width>1890</width>
		<height>66</height>
		<textwidth>1570</textwidth>
	</include>
	<include name="SettingsCategory_coords8_21:9_masked">
		<width>1890</width>
		<height>66</height>
		<textwidth>1570</textwidth>
	</include>
	<include name="SettingsCategory_coords8_4:3">
		<width>770</width>
		<height>66</height>
		<textwidth>450</textwidth>
	</include>

</includes>