<?xml version="1.0" encoding="UTF-8"?>
<includes>

	<include name="FileManager_coords1">
		<include condition="String.IsEqual(Skin.AspectRatio,16:9) + False">FileManager_coords1_16:9</include>
		<include condition="String.IsEqual(Skin.AspectRatio,21:9)">FileManager_coords1_21:9</include>
		<include condition="String.IsEqual(Skin.AspectRatio,16:9) + True">FileManager_coords1_21:9_masked</include>
		<include condition="String.IsEqual(Skin.AspectRatio,4:3)">FileManager_coords1_4:3</include>
	</include>
	<include name="FileManager_coords1_16:9">
		<left>120</left>
		<top>228</top>
	</include>
	<include name="FileManager_coords1_21:9">
		<left>120</left>
		<top>228</top>
	</include>
	<include name="FileManager_coords1_21:9_masked">
		<left>120</left>
		<top>408</top>
	</include>
	<include name="FileManager_coords1_4:3">
		<left>120</left>
		<top>228</top>
	</include>
	
	<include name="FileManager_coords2">
		<include condition="String.IsEqual(Skin.AspectRatio,16:9) + False">FileManager_coords2_16:9</include>
		<include condition="String.IsEqual(Skin.AspectRatio,21:9)">FileManager_coords2_21:9</include>
		<include condition="String.IsEqual(Skin.AspectRatio,16:9) + True">FileManager_coords2_21:9_masked</include>
		<include condition="String.IsEqual(Skin.AspectRatio,4:3)">FileManager_coords2_4:3</include>
	</include>
	<include name="FileManager_coords2_16:9">
		<width>800</width>
		<height>66</height>
	</include>
	<include name="FileManager_coords2_21:9">
		<width>1120</width>
		<height>66</height>
	</include>
	<include name="FileManager_coords2_21:9_masked">
		<width>1120</width>
		<height>66</height>
	</include>
	<include name="FileManager_coords2_4:3">
		<width>560</width>
		<height>66</height>
	</include>
	
	<include name="FileManager_coords3">
		<include condition="String.IsEqual(Skin.AspectRatio,16:9) + False">FileManager_coords3_16:9</include>
		<include condition="String.IsEqual(Skin.AspectRatio,21:9)">FileManager_coords3_21:9</include>
		<include condition="String.IsEqual(Skin.AspectRatio,16:9) + True">FileManager_coords3_21:9_masked</include>
		<include condition="String.IsEqual(Skin.AspectRatio,4:3)">FileManager_coords3_4:3</include>
	</include>
	<include name="FileManager_coords3_16:9">
		<top>66</top>
		<width>800</width>
		<height>20</height>
	</include>
	<include name="FileManager_coords3_21:9">
		<top>66</top>
		<width>1120</width>
		<height>20</height>
	</include>
	<include name="FileManager_coords3_21:9_masked">
		<top>66</top>
		<width>1120</width>
		<height>20</height>
	</include>
	<include name="FileManager_coords3_4:3">
		<top>66</top>
		<width>560</width>
		<height>20</height>
	</include>
	
	<include name="FileManager_coords4">
		<include condition="String.IsEqual(Skin.AspectRatio,16:9) + False">FileManager_coords4_16:9</include>
		<include condition="String.IsEqual(Skin.AspectRatio,21:9)">FileManager_coords4_21:9</include>
		<include condition="String.IsEqual(Skin.AspectRatio,16:9) + True">FileManager_coords4_21:9_masked</include>
		<include condition="String.IsEqual(Skin.AspectRatio,4:3)">FileManager_coords4_4:3</include>
	</include>
	<include name="FileManager_coords4_16:9">
		<top>86</top>
		<width>800</width>
		<height>594</height>
	</include>
	<include name="FileManager_coords4_21:9">
		<top>86</top>
		<width>1120</width>
		<height>594</height>
	</include>
	<include name="FileManager_coords4_21:9_masked">
		<top>86</top>
		<width>1120</width>
		<height>594</height>
	</include>
	<include name="FileManager_coords4_4:3">
		<top>86</top>
		<width>560</width>
		<height>594</height>
	</include>
	
	<include name="FileManager_coords5">
		<include condition="String.IsEqual(Skin.AspectRatio,16:9) + False">FileManager_coords5_16:9</include>
		<include condition="String.IsEqual(Skin.AspectRatio,21:9)">FileManager_coords5_21:9</include>
		<include condition="String.IsEqual(Skin.AspectRatio,16:9) + True">FileManager_coords5_21:9_masked</include>
		<include condition="String.IsEqual(Skin.AspectRatio,4:3)">FileManager_coords5_4:3</include>
	</include>
	<include name="FileManager_coords5_16:9">
		<itemlayout height="66" width="800">
			<control type="label">
				<width>800</width>
				<font>Font33-light</font>
				<textcolor>$VAR[TextColor2]</textcolor>
				<label>$INFO[ListItem.Label]</label>
			</control>
			<control type="label">
				<width>800</width>
				<align>right</align>
				<font>Font33-light</font>
				<textcolor>$VAR[TextColor2]</textcolor>
				<label>$INFO[ListItem.Label2]</label>
			</control>
		</itemlayout>
	</include>
	<include name="FileManager_coords5_21:9">
		<itemlayout height="66" width="1120">
			<control type="label">
				<width>1120</width>
				<font>Font33-light</font>
				<textcolor>$VAR[TextColor2]</textcolor>
				<label>$INFO[ListItem.Label]</label>
			</control>
			<control type="label">
				<width>1120</width>
				<align>right</align>
				<font>Font33-light</font>
				<textcolor>$VAR[TextColor2]</textcolor>
				<label>$INFO[ListItem.Label2]</label>
			</control>
		</itemlayout>
	</include>
	<include name="FileManager_coords5_21:9_masked">
		<itemlayout height="66" width="1120">
			<control type="label">
				<width>1120</width>
				<font>Font33-light</font>
				<textcolor>$VAR[TextColor2]</textcolor>
				<label>$INFO[ListItem.Label]</label>
			</control>
			<control type="label">
				<width>1120</width>
				<align>right</align>
				<font>Font33-light</font>
				<textcolor>$VAR[TextColor2]</textcolor>
				<label>$INFO[ListItem.Label2]</label>
			</control>
		</itemlayout>
	</include>
	<include name="FileManager_coords5_4:3">
		<itemlayout height="66" width="560">
			<control type="label">
				<width>560</width>
				<font>Font33-light</font>
				<textcolor>$VAR[TextColor2]</textcolor>
				<label>$INFO[ListItem.Label]</label>
			</control>
			<control type="label">
				<width>560</width>
				<align>right</align>
				<font>Font33-light</font>
				<textcolor>$VAR[TextColor2]</textcolor>
				<label>$INFO[ListItem.Label2]</label>
			</control>
		</itemlayout>
	</include>
	
	<include name="FileManager_coords6">
		<include condition="String.IsEqual(Skin.AspectRatio,16:9) + False">FileManager_coords6_16:9</include>
		<include condition="String.IsEqual(Skin.AspectRatio,21:9)">FileManager_coords6_21:9</include>
		<include condition="String.IsEqual(Skin.AspectRatio,16:9) + True">FileManager_coords6_21:9_masked</include>
		<include condition="String.IsEqual(Skin.AspectRatio,4:3)">FileManager_coords6_4:3</include>
	</include>
	<include name="FileManager_coords6_16:9">
		<focusedlayout height="66" width="800">
			<control type="label">
				<width>800</width>
				<font>Font33-bold</font>
				<textcolor>$VAR[TextColor1]</textcolor>
				<label>$INFO[ListItem.Label]</label>
				<animation effect="fade" start="100" end="75" time="200" tween="cubic" easing="out" reversible="true" condition="!Control.HasFocus(20)">Conditional</animation>
			</control>
			<control type="label">
				<width>800</width>
				<align>right</align>
				<font>Font33</font>
				<textcolor>$VAR[TextColor1]</textcolor>
				<label>$INFO[ListItem.Label2]</label>
				<animation effect="fade" start="100" end="75" time="200" tween="cubic" easing="out" reversible="true" condition="!Control.HasFocus(20)">Conditional</animation>
			</control>
			<control type="image">
				<top>2</top>
				<width>800</width>
				<height>44</height>
				<texture colordiffuse="$VAR[TextColor1]">$VAR[focus44]</texture>
				<animation effect="fade" start="100" end="75" time="200" tween="cubic" easing="out" reversible="true" condition="!Control.HasFocus(20)">Conditional</animation>
				<visible>!ListItem.IsParentFolder</visible>
			</control>
		</focusedlayout>
	</include>
	<include name="FileManager_coords6_21:9">
		<focusedlayout height="66" width="1120">
			<control type="label">
				<width>1120</width>
				<font>Font33-bold</font>
				<textcolor>$VAR[TextColor1]</textcolor>
				<label>$INFO[ListItem.Label]</label>
				<animation effect="fade" start="100" end="75" time="200" tween="cubic" easing="out" reversible="true" condition="!Control.HasFocus(20)">Conditional</animation>
			</control>
			<control type="label">
				<width>1120</width>
				<align>right</align>
				<font>Font33</font>
				<textcolor>$VAR[TextColor1]</textcolor>
				<label>$INFO[ListItem.Label2]</label>
				<animation effect="fade" start="100" end="75" time="200" tween="cubic" easing="out" reversible="true" condition="!Control.HasFocus(20)">Conditional</animation>
			</control>
			<control type="image">
				<top>2</top>
				<width>1120</width>
				<height>44</height>
				<texture colordiffuse="$VAR[TextColor1]">$VAR[focus44]</texture>
				<animation effect="fade" start="100" end="75" time="200" tween="cubic" easing="out" reversible="true" condition="!Control.HasFocus(20)">Conditional</animation>
				<visible>!ListItem.IsParentFolder</visible>
			</control>
		</focusedlayout>
	</include>
	<include name="FileManager_coords6_21:9_masked">
		<focusedlayout height="66" width="1120">
			<control type="label">
				<width>1120</width>
				<font>Font33-bold</font>
				<textcolor>$VAR[TextColor1]</textcolor>
				<label>$INFO[ListItem.Label]</label>
				<animation effect="fade" start="100" end="75" time="200" tween="cubic" easing="out" reversible="true" condition="!Control.HasFocus(20)">Conditional</animation>
			</control>
			<control type="label">
				<width>1120</width>
				<align>right</align>
				<font>Font33</font>
				<textcolor>$VAR[TextColor1]</textcolor>
				<label>$INFO[ListItem.Label2]</label>
				<animation effect="fade" start="100" end="75" time="200" tween="cubic" easing="out" reversible="true" condition="!Control.HasFocus(20)">Conditional</animation>
			</control>
			<control type="image">
				<top>2</top>
				<width>1120</width>
				<height>44</height>
				<texture colordiffuse="$VAR[TextColor1]">$VAR[focus44]</texture>
				<animation effect="fade" start="100" end="75" time="200" tween="cubic" easing="out" reversible="true" condition="!Control.HasFocus(20)">Conditional</animation>
				<visible>!ListItem.IsParentFolder</visible>
			</control>
		</focusedlayout>
	</include>
	<include name="FileManager_coords6_4:3">
		<focusedlayout height="66" width="560">
			<control type="label">
				<width>560</width>
				<font>Font33-bold</font>
				<textcolor>$VAR[TextColor1]</textcolor>
				<label>$INFO[ListItem.Label]</label>
				<animation effect="fade" start="100" end="75" time="200" tween="cubic" easing="out" reversible="true" condition="!Control.HasFocus(20)">Conditional</animation>
			</control>
			<control type="label">
				<width>560</width>
				<align>right</align>
				<font>Font33</font>
				<textcolor>$VAR[TextColor1]</textcolor>
				<label>$INFO[ListItem.Label2]</label>
				<animation effect="fade" start="100" end="75" time="200" tween="cubic" easing="out" reversible="true" condition="!Control.HasFocus(20)">Conditional</animation>
			</control>
			<control type="image">
				<top>2</top>
				<width>560</width>
				<height>44</height>
				<texture colordiffuse="$VAR[TextColor1]">$VAR[focus44]</texture>
				<animation effect="fade" start="100" end="75" time="200" tween="cubic" easing="out" reversible="true" condition="!Control.HasFocus(20)">Conditional</animation>
				<visible>!ListItem.IsParentFolder</visible>
			</control>
		</focusedlayout>
	</include>
	
	<include name="FileManager_coords7">
		<include condition="String.IsEqual(Skin.AspectRatio,16:9) + False">FileManager_coords7_16:9</include>
		<include condition="String.IsEqual(Skin.AspectRatio,21:9)">FileManager_coords7_21:9</include>
		<include condition="String.IsEqual(Skin.AspectRatio,16:9) + True">FileManager_coords7_21:9_masked</include>
		<include condition="String.IsEqual(Skin.AspectRatio,4:3)">FileManager_coords7_4:3</include>
	</include>
	<include name="FileManager_coords7_16:9">
		<left>-30</left>
		<top>86</top>
		<width>20</width>
		<height>594</height>
	</include>
	<include name="FileManager_coords7_21:9">
		<left>-30</left>
		<top>86</top>
		<width>20</width>
		<height>594</height>
	</include>
	<include name="FileManager_coords7_21:9_masked">
		<left>-30</left>
		<top>86</top>
		<width>20</width>
		<height>594</height>
	</include>
	<include name="FileManager_coords7_4:3">
		<left>-30</left>
		<top>86</top>
		<width>20</width>
		<height>594</height>
	</include>
	
	<include name="FileManager_coords8">
		<include condition="String.IsEqual(Skin.AspectRatio,16:9) + False">FileManager_coords8_16:9</include>
		<include condition="String.IsEqual(Skin.AspectRatio,21:9)">FileManager_coords8_21:9</include>
		<include condition="String.IsEqual(Skin.AspectRatio,16:9) + True">FileManager_coords8_21:9_masked</include>
		<include condition="String.IsEqual(Skin.AspectRatio,4:3)">FileManager_coords8_4:3</include>
	</include>
	<include name="FileManager_coords8_16:9">
		<top>698</top>
		<width>800</width>
		<height>44</height>
	</include>
	<include name="FileManager_coords8_21:9">
		<top>698</top>
		<width>1120</width>
		<height>44</height>
	</include>
	<include name="FileManager_coords8_21:9_masked">
		<top>698</top>
		<width>1120</width>
		<height>44</height>
	</include>
	<include name="FileManager_coords8_4:3">
		<top>698</top>
		<width>560</width>
		<height>44</height>
	</include>
	
	<include name="FileManager_coords9">
		<include condition="String.IsEqual(Skin.AspectRatio,16:9) + False">FileManager_coords9_16:9</include>
		<include condition="String.IsEqual(Skin.AspectRatio,21:9)">FileManager_coords9_21:9</include>
		<include condition="String.IsEqual(Skin.AspectRatio,16:9) + True">FileManager_coords9_21:9_masked</include>
		<include condition="String.IsEqual(Skin.AspectRatio,4:3)">FileManager_coords9_4:3</include>
	</include>
	<include name="FileManager_coords9_16:9">
		<right>120</right>
		<top>228</top>
	</include>
	<include name="FileManager_coords9_21:9">
		<right>120</right>
		<top>228</top>
	</include>
	<include name="FileManager_coords9_21:9_masked">
		<right>120</right>
		<top>408</top>
	</include>
	<include name="FileManager_coords9_4:3">
		<right>120</right>
		<top>228</top>
	</include>
	
	<include name="FileManager_coords10">
		<include condition="String.IsEqual(Skin.AspectRatio,16:9) + False">FileManager_coords10_16:9</include>
		<include condition="String.IsEqual(Skin.AspectRatio,21:9)">FileManager_coords10_21:9</include>
		<include condition="String.IsEqual(Skin.AspectRatio,16:9) + True">FileManager_coords10_21:9_masked</include>
		<include condition="String.IsEqual(Skin.AspectRatio,4:3)">FileManager_coords10_4:3</include>
	</include>
	<include name="FileManager_coords10_16:9">
		<right>0</right>
		<width>800</width>
		<height>66</height>
	</include>
	<include name="FileManager_coords10_21:9">
		<right>0</right>
		<width>1120</width>
		<height>66</height>
	</include>
	<include name="FileManager_coords10_21:9_masked">
		<right>0</right>
		<width>1120</width>
		<height>66</height>
	</include>
	<include name="FileManager_coords10_4:3">
		<right>0</right>
		<width>560</width>
		<height>66</height>
	</include>
	
	<include name="FileManager_coords11">
		<include condition="String.IsEqual(Skin.AspectRatio,16:9) + False">FileManager_coords11_16:9</include>
		<include condition="String.IsEqual(Skin.AspectRatio,21:9)">FileManager_coords11_21:9</include>
		<include condition="String.IsEqual(Skin.AspectRatio,16:9) + True">FileManager_coords11_21:9_masked</include>
		<include condition="String.IsEqual(Skin.AspectRatio,4:3)">FileManager_coords11_4:3</include>
	</include>
	<include name="FileManager_coords11_16:9">
		<right>0</right>
		<top>66</top>
		<width>800</width>
		<height>20</height>
	</include>
	<include name="FileManager_coords11_21:9">
		<right>0</right>
		<top>66</top>
		<width>1120</width>
		<height>20</height>
	</include>
	<include name="FileManager_coords11_21:9_masked">
		<right>0</right>
		<top>66</top>
		<width>1120</width>
		<height>20</height>
	</include>
	<include name="FileManager_coords11_4:3">
		<right>0</right>
		<top>66</top>
		<width>560</width>
		<height>20</height>
	</include>
	
	<include name="FileManager_coords12">
		<include condition="String.IsEqual(Skin.AspectRatio,16:9) + False">FileManager_coords12_16:9</include>
		<include condition="String.IsEqual(Skin.AspectRatio,21:9)">FileManager_coords12_21:9</include>
		<include condition="String.IsEqual(Skin.AspectRatio,16:9) + True">FileManager_coords12_21:9_masked</include>
		<include condition="String.IsEqual(Skin.AspectRatio,4:3)">FileManager_coords12_4:3</include>
	</include>
	<include name="FileManager_coords12_16:9">
		<right>0</right>
		<top>86</top>
		<width>800</width>
		<height>594</height>
	</include>
	<include name="FileManager_coords12_21:9">
		<right>0</right>
		<top>86</top>
		<width>1120</width>
		<height>594</height>
	</include>
	<include name="FileManager_coords12_21:9_masked">
		<right>0</right>
		<top>86</top>
		<width>1120</width>
		<height>594</height>
	</include>
	<include name="FileManager_coords12_4:3">
		<right>0</right>
		<top>86</top>
		<width>560</width>
		<height>594</height>
	</include>
	
	<include name="FileManager_coords13">
		<include condition="String.IsEqual(Skin.AspectRatio,16:9) + False">FileManager_coords13_16:9</include>
		<include condition="String.IsEqual(Skin.AspectRatio,21:9)">FileManager_coords13_21:9</include>
		<include condition="String.IsEqual(Skin.AspectRatio,16:9) + True">FileManager_coords13_21:9_masked</include>
		<include condition="String.IsEqual(Skin.AspectRatio,4:3)">FileManager_coords13_4:3</include>
	</include>
	<include name="FileManager_coords13_16:9">
		<itemlayout height="66" width="800">
			<control type="label">
				<width>800</width>
				<font>Font33-light</font>
				<textcolor>$VAR[TextColor2]</textcolor>
				<label>$INFO[ListItem.Label]</label>
			</control>
			<control type="label">
				<width>800</width>
				<align>right</align>
				<font>Font33-light</font>
				<textcolor>$VAR[TextColor2]</textcolor>
				<label>$INFO[ListItem.Label2]</label>
			</control>
		</itemlayout>
	</include>
	<include name="FileManager_coords13_21:9">
		<itemlayout height="66" width="1120">
			<control type="label">
				<width>1120</width>
				<font>Font33-light</font>
				<textcolor>$VAR[TextColor2]</textcolor>
				<label>$INFO[ListItem.Label]</label>
			</control>
			<control type="label">
				<width>1120</width>
				<align>right</align>
				<font>Font33-light</font>
				<textcolor>$VAR[TextColor2]</textcolor>
				<label>$INFO[ListItem.Label2]</label>
			</control>
		</itemlayout>
	</include>
	<include name="FileManager_coords13_21:9_masked">
		<itemlayout height="66" width="1120">
			<control type="label">
				<width>1120</width>
				<font>Font33-light</font>
				<textcolor>$VAR[TextColor2]</textcolor>
				<label>$INFO[ListItem.Label]</label>
			</control>
			<control type="label">
				<width>1120</width>
				<align>right</align>
				<font>Font33-light</font>
				<textcolor>$VAR[TextColor2]</textcolor>
				<label>$INFO[ListItem.Label2]</label>
			</control>
		</itemlayout>
	</include>
	<include name="FileManager_coords13_4:3">
		<itemlayout height="66" width="560">
			<control type="label">
				<width>560</width>
				<font>Font33-light</font>
				<textcolor>$VAR[TextColor2]</textcolor>
				<label>$INFO[ListItem.Label]</label>
			</control>
			<control type="label">
				<width>560</width>
				<align>right</align>
				<font>Font33-light</font>
				<textcolor>$VAR[TextColor2]</textcolor>
				<label>$INFO[ListItem.Label2]</label>
			</control>
		</itemlayout>
	</include>
	
	<include name="FileManager_coords14">
		<include condition="String.IsEqual(Skin.AspectRatio,16:9) + False">FileManager_coords14_16:9</include>
		<include condition="String.IsEqual(Skin.AspectRatio,21:9)">FileManager_coords14_21:9</include>
		<include condition="String.IsEqual(Skin.AspectRatio,16:9) + True">FileManager_coords14_21:9_masked</include>
		<include condition="String.IsEqual(Skin.AspectRatio,4:3)">FileManager_coords14_4:3</include>
	</include>
	<include name="FileManager_coords14_16:9">
		<focusedlayout height="66" width="800">
			<control type="group">
				<animation effect="fade" start="100" end="50" time="200" tween="cubic" easing="out" reversible="true" condition="!Control.HasFocus(21)">Conditional</animation>
				<control type="label">
					<width>800</width>
					<font>Font33-bold</font>
					<textcolor>$VAR[TextColor1]</textcolor>
					<label>$INFO[ListItem.Label]</label>
					<visible>Control.HasFocus(21)</visible>
				</control>
				<control type="label">
					<width>800</width>
					<align>right</align>
					<textcolor>$VAR[TextColor1]</textcolor>
					<label>$INFO[ListItem.Label2]</label>
					<visible>Control.HasFocus(21)</visible>
				</control>
				<control type="image">
					<top>2</top>
					<width>800</width>
					<height>44</height>
					<texture colordiffuse="$VAR[TextColor1]">$VAR[focus44]</texture>
					<visible>!ListItem.IsParentFolder + Control.HasFocus(21)</visible>
				</control>
				<control type="label">
					<width>800</width>
					<font>Font33-bold</font>
					<textcolor>$VAR[TextColor2]</textcolor>
					<label>$INFO[ListItem.Label]</label>
					<visible>!Control.HasFocus(21)</visible>
				</control>
				<control type="label">
					<width>800</width>
					<align>right</align>
					<textcolor>$VAR[TextColor2]</textcolor>
					<label>$INFO[ListItem.Label2]</label>
					<visible>!Control.HasFocus(21)</visible>
				</control>
				<control type="image">
					<top>2</top>
					<width>800</width>
					<height>44</height>
					<texture colordiffuse="$VAR[TextColor2]">$VAR[focus44]</texture>
					<visible>!ListItem.IsParentFolder + !Control.HasFocus(21)</visible>
				</control>
			</control>
				</focusedlayout>
	</include>
	<include name="FileManager_coords14_21:9">
		<focusedlayout height="66" width="1120">
			<control type="group">
				<animation effect="fade" start="100" end="50" time="200" tween="cubic" easing="out" reversible="true" condition="!Control.HasFocus(21)">Conditional</animation>
				<control type="label">
					<width>1120</width>
					<font>Font33-bold</font>
					<textcolor>$VAR[TextColor1]</textcolor>
					<label>$INFO[ListItem.Label]</label>
					<visible>Control.HasFocus(21)</visible>
				</control>
				<control type="label">
					<width>1120</width>
					<align>right</align>
					<textcolor>$VAR[TextColor1]</textcolor>
					<label>$INFO[ListItem.Label2]</label>
					<visible>Control.HasFocus(21)</visible>
				</control>
				<control type="image">
					<top>2</top>
					<width>1120</width>
					<height>44</height>
					<texture colordiffuse="$VAR[TextColor1]">$VAR[focus44]</texture>
					<visible>!ListItem.IsParentFolder + Control.HasFocus(21)</visible>
				</control>
				<control type="label">
					<width>1120</width>
					<font>Font33-bold</font>
					<textcolor>$VAR[TextColor2]</textcolor>
					<label>$INFO[ListItem.Label]</label>
					<visible>!Control.HasFocus(21)</visible>
				</control>
				<control type="label">
					<width>1120</width>
					<align>right</align>
					<textcolor>$VAR[TextColor2]</textcolor>
					<label>$INFO[ListItem.Label2]</label>
					<visible>!Control.HasFocus(21)</visible>
				</control>
				<control type="image">
					<top>2</top>
					<width>1120</width>
					<height>44</height>
					<texture colordiffuse="$VAR[TextColor2]">$VAR[focus44]</texture>
					<visible>!ListItem.IsParentFolder + !Control.HasFocus(21)</visible>
				</control>
			</control>
		</focusedlayout>
	</include>
	<include name="FileManager_coords14_21:9_masked">
		<focusedlayout height="66" width="1120">
			<control type="group">
				<animation effect="fade" start="100" end="50" time="200" tween="cubic" easing="out" reversible="true" condition="!Control.HasFocus(21)">Conditional</animation>
				<control type="label">
					<width>1120</width>
					<font>Font33-bold</font>
					<textcolor>$VAR[TextColor1]</textcolor>
					<label>$INFO[ListItem.Label]</label>
					<visible>Control.HasFocus(21)</visible>
				</control>
				<control type="label">
					<width>1120</width>
					<align>right</align>
					<textcolor>$VAR[TextColor1]</textcolor>
					<label>$INFO[ListItem.Label2]</label>
					<visible>Control.HasFocus(21)</visible>
				</control>
				<control type="image">
					<top>2</top>
					<width>1120</width>
					<height>44</height>
					<texture colordiffuse="$VAR[TextColor1]">$VAR[focus44]</texture>
					<visible>!ListItem.IsParentFolder + Control.HasFocus(21)</visible>
				</control>
				<control type="label">
					<width>1120</width>
					<font>Font33-bold</font>
					<textcolor>$VAR[TextColor2]</textcolor>
					<label>$INFO[ListItem.Label]</label>
					<visible>!Control.HasFocus(21)</visible>
				</control>
				<control type="label">
					<width>1120</width>
					<align>right</align>
					<textcolor>$VAR[TextColor2]</textcolor>
					<label>$INFO[ListItem.Label2]</label>
					<visible>!Control.HasFocus(21)</visible>
				</control>
				<control type="image">
					<top>2</top>
					<width>1120</width>
					<height>44</height>
					<texture colordiffuse="$VAR[TextColor2]">$VAR[focus44]</texture>
					<visible>!ListItem.IsParentFolder + !Control.HasFocus(21)</visible>
				</control>
			</control>
		</focusedlayout>
	</include>
	<include name="FileManager_coords14_4:3">
		<focusedlayout height="66" width="560">
			<control type="group">
				<animation effect="fade" start="100" end="50" time="200" tween="cubic" easing="out" reversible="true" condition="!Control.HasFocus(21)">Conditional</animation>
				<control type="label">
					<width>560</width>
					<font>Font33-bold</font>
					<textcolor>$VAR[TextColor1]</textcolor>
					<label>$INFO[ListItem.Label]</label>
					<visible>Control.HasFocus(21)</visible>
				</control>
				<control type="label">
					<width>560</width>
					<align>right</align>
					<textcolor>$VAR[TextColor1]</textcolor>
					<label>$INFO[ListItem.Label2]</label>
					<visible>Control.HasFocus(21)</visible>
				</control>
				<control type="image">
					<top>2</top>
					<width>560</width>
					<height>44</height>
					<texture colordiffuse="$VAR[TextColor1]">$VAR[focus44]</texture>
					<visible>!ListItem.IsParentFolder + Control.HasFocus(21)</visible>
				</control>
				<control type="label">
					<width>560</width>
					<font>Font33-bold</font>
					<textcolor>$VAR[TextColor2]</textcolor>
					<label>$INFO[ListItem.Label]</label>
					<visible>!Control.HasFocus(21)</visible>
				</control>
				<control type="label">
					<width>560</width>
					<align>right</align>
					<textcolor>$VAR[TextColor2]</textcolor>
					<label>$INFO[ListItem.Label2]</label>
					<visible>!Control.HasFocus(21)</visible>
				</control>
				<control type="image">
					<top>2</top>
					<width>560</width>
					<height>44</height>
					<texture colordiffuse="$VAR[TextColor2]">$VAR[focus44]</texture>
					<visible>!ListItem.IsParentFolder + !Control.HasFocus(21)</visible>
				</control>
			</control>
		</focusedlayout>
	</include>
	
	<include name="FileManager_coords15">
		<include condition="String.IsEqual(Skin.AspectRatio,16:9) + False">FileManager_coords15_16:9</include>
		<include condition="String.IsEqual(Skin.AspectRatio,21:9)">FileManager_coords15_21:9</include>
		<include condition="String.IsEqual(Skin.AspectRatio,16:9) + True">FileManager_coords15_21:9_masked</include>
		<include condition="String.IsEqual(Skin.AspectRatio,4:3)">FileManager_coords15_4:3</include>
	</include>
	<include name="FileManager_coords15_16:9">
		<right>810</right>
		<top>86</top>
		<width>20</width>
		<height>594</height>
	</include>
	<include name="FileManager_coords15_21:9">
		<right>1130</right>
		<top>86</top>
		<width>20</width>
		<height>594</height>
	</include>
	<include name="FileManager_coords15_21:9_masked">
		<right>1130</right>
		<top>86</top>
		<width>20</width>
		<height>594</height>
	</include>
	<include name="FileManager_coords15_4:3">
		<right>570</right>
		<top>86</top>
		<width>20</width>
		<height>594</height>
	</include>
	
	<include name="FileManager_coords16">
		<include condition="String.IsEqual(Skin.AspectRatio,16:9) + False">FileManager_coords16_16:9</include>
		<include condition="String.IsEqual(Skin.AspectRatio,21:9)">FileManager_coords16_21:9</include>
		<include condition="String.IsEqual(Skin.AspectRatio,16:9) + True">FileManager_coords16_21:9_masked</include>
		<include condition="String.IsEqual(Skin.AspectRatio,4:3)">FileManager_coords16_4:3</include>
	</include>
	<include name="FileManager_coords16_16:9">
		<right>0</right>
		<top>698</top>
		<width>800</width>
		<height>44</height>
	</include>
	<include name="FileManager_coords16_21:9">
		<right>0</right>
		<top>698</top>
		<width>1120</width>
		<height>44</height>
	</include>
	<include name="FileManager_coords16_21:9_masked">
		<right>0</right>
		<top>698</top>
		<width>1120</width>
		<height>44</height>
	</include>
	<include name="FileManager_coords16_4:3">
		<right>0</right>
		<top>698</top>
		<width>560</width>
		<height>44</height>
	</include>

</includes>