<?xml version="1.0" encoding="UTF-8"?>
<window>
	<!-- addoninformation -->
	<defaultcontrol always="true">9000</defaultcontrol>

	<controls>

		<!-- Dialog fanart -->
		<include>DialogFanart</include>

		<control type="group">
			<include>DialogDepth</include>

			<!-- Animation -->
			<include>DialogZoomAnimation</include>
			
			<!-- Heading -->
			<include content="Time">
				<param name="heading">$INFO[ListItem.AddonName]</param>
			</include>

			<!-- Image -->
			<control type="group">
				<control type="image">
					<include>DialogAddonInfodetails_coords1</include>
					<texture>$INFO[ListItem.Icon]</texture>
					<aspectratio aligny="center">keep</aspectratio>
				</control>
			</control>

			<!-- Last used & last updated time & date -->
			<control type="fadelabel">
				<include>DialogAddonInfodetails_coords2</include>
				<font>Font27</font>
				<align>center</align>
				<label>$INFO[ListItem.AddonLastUsed,$LOCALIZE[12012]: ,]$INFO[ListItem.AddonLastUpdated, &#8226; $LOCALIZE[12014]: ,]</label>
				<textcolor>$VAR[TextColor2]</textcolor>
				<visible>!Control.HasFocus(6)</visible>
				<visible>!String.IsEmpty(ListItem.AddonLastUsed) + !String.IsEmpty(ListItem.AddonLastUpdated)</visible>
				<include>VisibleFadeAnimation</include>
			</control>
			<control type="fadelabel">
				<include>DialogAddonInfodetails_coords2</include>
				<font>Font27</font>
				<align>center</align>
				<label>$INFO[ListItem.AddonLastUsed,$LOCALIZE[12012]: ,]</label>
				<textcolor>$VAR[TextColor2]</textcolor>
				<visible>!Control.HasFocus(6)</visible>
				<visible>!String.IsEmpty(ListItem.AddonLastUsed) + String.IsEmpty(ListItem.AddonLastUpdated)</visible>
				<include>VisibleFadeAnimation</include>
			</control>
			<control type="fadelabel">
				<include>DialogAddonInfodetails_coords2</include>
				<font>Font27</font>
				<align>center</align>
				<label>$INFO[ListItem.AddonLastUpdated,$LOCALIZE[12014]: ,]</label>
				<textcolor>$VAR[TextColor2]</textcolor>
				<visible>!Control.HasFocus(6)</visible>
				<visible>!String.IsEmpty(ListItem.AddonLastUpdated) + String.IsEmpty(ListItem.AddonLastUsed)</visible>
				<include>VisibleFadeAnimation</include>
			</control>

			<!-- Info -->
			<control type="group">
				<include>DialogAddonInfodetails_coords3</include>

				<!-- Details -->
				<control type="grouplist">
					<include>DialogAddonInfodetails_coords4</include>
					<itemgap>12</itemgap>
					<orientation>vertical</orientation>
					<usecontrolcoords>true</usecontrolcoords>

					<!-- Type -->
					<control type="group">
						<include>DialogAddonInfodetails_coords5</include>
						<visible>!String.IsEmpty(ListItem.AddonType)</visible>
						<control type="fadelabel">
							<include>DialogAddonInfodetails_coords6</include>
							<align>right</align>
							<font>Font36</font>
							<label>467</label>
							<textcolor>$VAR[TextColor2]</textcolor>
						</control>
						<control type="fadelabel">
							<include>DialogAddonInfodetails_coords7</include>
							<font>Font36</font>
							<label fallback="416">$INFO[ListItem.AddonType]</label>
							<textcolor>$VAR[TextColor1]</textcolor>
						</control>
					</control>

					<!-- Author -->
					<control type="group">
						<include>DialogAddonInfodetails_coords5</include>
						<visible>!String.IsEmpty(ListItem.AddonCreator)</visible>
						<control type="fadelabel">
							<include>DialogAddonInfodetails_coords6</include>
							<align>right</align>
							<font>Font36</font>
							<label>21863</label>
							<textcolor>$VAR[TextColor2]</textcolor>
						</control>
						<control type="fadelabel">
							<include>DialogAddonInfodetails_coords7</include>
							<font>Font36</font>
							<label fallback="416">$INFO[ListItem.AddonCreator]</label>
							<textcolor>$VAR[TextColor1]</textcolor>
						</control>
					</control>

					<!-- Version -->
					<control type="group">
						<include>DialogAddonInfodetails_coords5</include>
						<visible>!String.IsEmpty(ListItem.AddonVersion)</visible>
						<control type="fadelabel">
							<include>DialogAddonInfodetails_coords6</include>
							<align>right</align>
							<font>Font36</font>
							<label>19114</label>
							<textcolor>$VAR[TextColor2]</textcolor>
						</control>
						<control type="fadelabel">
							<include>DialogAddonInfodetails_coords7</include>
							<font>Font36</font>
							<label fallback="416">$INFO[ListItem.AddonVersion]</label>
							<textcolor>$VAR[TextColor1]</textcolor>
						</control>
					</control>
					
					<!-- Install date -->
					<control type="group">
						<include>DialogAddonInfodetails_coords5</include>
						<visible>!String.IsEmpty(ListItem.AddonInstallDate)</visible>
						<control type="fadelabel">
							<include>DialogAddonInfodetails_coords6</include>
							<align>right</align>
							<font>Font36</font>
							<label>12013</label>
							<textcolor>$VAR[TextColor2]</textcolor>
						</control>
						<control type="fadelabel">
							<include>DialogAddonInfodetails_coords7</include>
							<font>Font36</font>
							<label fallback="416">$INFO[ListItem.AddonInstallDate]</label>
							<textcolor>$VAR[TextColor1]</textcolor>
						</control>
					</control>

					<!-- Summary -->
					<control type="group">
						<include>DialogAddonInfodetails_coords8</include>
						<visible>!String.IsEmpty(ListItem.AddonSummary)</visible>
						<control type="fadelabel">
							<include>DialogAddonInfodetails_coords6</include>
							<align>right</align>
							<font>Font36</font>
							<label>20037</label>
							<textcolor>$VAR[TextColor2]</textcolor>
						</control>
						<control type="fadelabel">
							<include>DialogAddonInfodetails_coords9</include>
							<font>Font36</font>
							<aligny>top</aligny>
							<wrapmultiline>true</wrapmultiline>
							<label fallback="416">$INFO[ListItem.AddonSummary]</label>
							<textcolor>$VAR[TextColor1]</textcolor>
						</control>
					</control>

				</control>

				<!-- Description -->
				<control type="group">
					<include>DialogAddonInfodetails_coords10</include>
					<control type="textbox">
						<align>left</align>
						<font>Font27-light</font>
						<textcolor>$VAR[TextColor2]</textcolor>
						<label>$VAR[addonInformation]</label>
						<autoscroll delay="10000" time="2000" repeat="12000">True</autoscroll>
						<visible>Skin.String(PlotFont,S light)</visible>
					</control>
					<control type="textbox">
						<align>left</align>
						<font>Font30-light</font>
						<textcolor>$VAR[TextColor2]</textcolor>
						<label>$VAR[addonInformation]</label>
						<autoscroll delay="10000" time="1900" repeat="12000">True</autoscroll>
						<visible>Skin.String(PlotFont,M light)</visible>
					</control>
					<control type="textbox">
						<align>left</align>
						<font>Font33-light</font>
						<textcolor>$VAR[TextColor2]</textcolor>
						<label>$VAR[addonInformation]</label>
						<autoscroll delay="10000" time="1800" repeat="12000">True</autoscroll>
						<visible>Skin.String(PlotFont,L light)</visible>
					</control>
					<control type="textbox">
						<align>left</align>
						<font>Font36-light</font>
						<textcolor>$VAR[TextColor2]</textcolor>
						<label>$VAR[addonInformation]</label>
						<autoscroll delay="10000" time="1700" repeat="12000">True</autoscroll>
						<visible>Skin.String(PlotFont,XL light)</visible>
					</control>
					
					<control type="textbox">
						<align>left</align>
						<textcolor>$VAR[TextColor2]</textcolor>
						<label>$VAR[addonInformation]</label>
						<autoscroll delay="10000" time="2000" repeat="12000">True</autoscroll>
						<visible>Skin.String(PlotFont,S)</visible>
					</control>
					<control type="textbox">
						<align>left</align>
						<font>Font30</font>
						<textcolor>$VAR[TextColor2]</textcolor>
						<label>$VAR[addonInformation]</label>
						<autoscroll delay="10000" time="1900" repeat="12000">True</autoscroll>
						<visible>Skin.String(PlotFont,M)</visible>
					</control>
					<control type="textbox">
						<align>left</align>
						<font>Font33</font>
						<textcolor>$VAR[TextColor2]</textcolor>
						<label>$VAR[addonInformation]</label>
						<autoscroll delay="10000" time="1800" repeat="12000">True</autoscroll>
						<visible>Skin.String(PlotFont,L)</visible>
					</control>
					<control type="textbox">
						<align>left</align>
						<font>Font36</font>
						<textcolor>$VAR[TextColor2]</textcolor>
						<label>$VAR[addonInformation]</label>
						<autoscroll delay="10000" time="1700" repeat="12000">True</autoscroll>
						<visible>Skin.String(PlotFont,XL)</visible>
					</control>
				</control>

			</control>

			<!-- Button grouplist background -->
			<include content="dialogButtonBackground">
				<param name="id">9000</param>
			</include>

			<!-- Buttons -->
			<control type="grouplist" id="9000">
				<include>DialogButtons</include>
				<orientation>horizontal</orientation>
				<align>center</align>
				<itemgap>30</itemgap>
				<onup>50</onup>

				<!-- Launch Addon Button -->
				<control type="button" id="12">
					<width>Auto</width>
					<label>518</label>
					<visible>Control.IsEnabled(12)</visible>
				</control>
				<!-- Configure Addon Button -->
					<control type="button" id="9">
					<width>Auto</width>
					<label>24020</label>
					<visible>Control.IsEnabled(9)</visible>
				</control>
				<!-- Update Addon Button -->
					<control type="button" id="8">
					<width>Auto</width>
					<label>24069</label>
					<visible>Control.IsEnabled(8)</visible>
				</control>
				<!-- Install/Uninstall Addon button -->
				<control type="button" id="6">
					<width>Auto</width>
					<label>24022</label>
					<visible>Control.IsEnabled(6)</visible>
				</control>
				<!-- Enable/Disable Addon button -->
				<control type="button" id="7">
					<width>Auto</width>
					<label>24021</label>
					<visible>Control.IsEnabled(7)</visible>
				</control>
				<!-- Addon Dependencies Button -->
					<control type="button" id="10">
					<width>Auto</width>
					<label>39024</label>
					<visible>Control.IsEnabled(10)</visible>
				</control>
				<!-- Auto-update Button -->
				<control type="radiobutton" id="13">
					<width>250</width>
					<label>24048</label>
					<visible>Control.IsEnabled(13)</visible>
				</control>

			</control>

		</control>

		<include>MaskingBars</include>

	</controls>

</window>