<?xml version="1.0" encoding="UTF-8"?>
<window>
	<!-- pvrosdchannels -->
	<defaultcontrol always="true">11</defaultcontrol>
	<include>DialogZoomAnimation</include>
	<zorder>0</zorder>

	<controls>

		<!-- Menu -->
		<control type="group">
			<include>DialogDepth</include>
			<include>DialogPVRChannelsOSD_coords1</include>

			<!-- Background -->
			<control type="image">
				<include>DialogPVRChannelsOSD_coords2</include>
				<texture colordiffuse="$VAR[OverlayColor]">dialogs/Background.png</texture>
			</control>
			
			<!-- Icon -->
			<control type="image">
				<include>DialogPVRChannelsOSD_coords3</include>
				<aspectratio align="center" aligny="center">keep</aspectratio>
				<fadetime>200</fadetime>
				<texture background="true" fallback="DefaultLiveTV.png">$VAR[PVRChannelIconDialogOSD]</texture>
				<visible>String.IsEmpty(ListItem.EPGEventIcon)</visible>
			</control>
			<control type="image">
				<include>DialogPVRChannelsOSD_coords3</include>
				<aspectratio align="center" aligny="center">keep</aspectratio>
				<fadetime>200</fadetime>
				<texture background="true" fallback="DefaultLiveTV.png">$INFO[ListItem.EPGEventIcon]</texture>
				<visible>!String.IsEmpty(ListItem.EPGEventIcon)</visible>
			</control>

			<!-- Episode Information -->
			<control type="group">
				<include>DialogPVRChannelsOSD_coords4</include>
				<control type="textbox">
					<align>left</align>
					<font>Font27</font>
					<label>$VAR[PVRDescriptionDialogGuide]</label>
					<textcolor>$VAR[TextColor1]</textcolor>
					<autoscroll delay="5000" time="1400" repeat="10000">true</autoscroll>
					<visible>Skin.String(PlotFont,S) | Skin.String(PlotFont,S light)</visible>
				</control>
				<control type="textbox">
					<align>left</align>
					<font>Font30</font>
					<label>$VAR[PVRDescriptionDialogGuide]</label>
					<textcolor>$VAR[TextColor1]</textcolor>
					<autoscroll delay="5000" time="1300" repeat="10000">true</autoscroll>
					<visible>Skin.String(PlotFont,M) | Skin.String(PlotFont,M light)</visible>
				</control>
				<control type="textbox">
					<align>left</align>
					<font>Font33</font>
					<label>$VAR[PVRDescriptionDialogGuide]</label>
					<textcolor>$VAR[TextColor1]</textcolor>
					<autoscroll delay="5000" time="1200" repeat="10000">true</autoscroll>
					<visible>Skin.String(PlotFont,L) | Skin.String(PlotFont,XL) | Skin.String(PlotFont,L light) | Skin.String(PlotFont,XL light)</visible>
				</control>
			</control>

			<!-- List -->
			<control type="fixedlist" id="11">
				<include>DialogPVRChannelsOSD_coords5</include>
				<onleft>60</onleft>
				<pagecontrol>60</pagecontrol>
				<focusposition>2</focusposition>
				<orientation>vertical</orientation>
				<viewtype label="535">list</viewtype>
				<scrolltime tween="sine" easing="out">240</scrolltime>

				<include>DialogPVRChannelsOSD_coords6</include>

				<include>DialogPVRChannelsOSD_coords7</include>

			</control>

			<!-- Scrollbar (list) -->
			<control type="scrollbar" id="60">
				<include>DialogPVRChannelsOSD_coords8</include>
				<onright>11</onright>
				<showonepage>false</showonepage>
				<orientation>vertical</orientation>
				<colordiffuse>$VAR[OverlayColorNF]</colordiffuse>
				<texturesliderbackground border="11,1,1,1">common/ScrollBackground.png</texturesliderbackground>
				<texturesliderbar border="11,1,1,1">common/ScrollbarGripNF.png</texturesliderbar>
				<texturesliderbarfocus border="11,1,1,1" colordiffuse="$VAR[DialogColor1]">common/ScrollbarGripFO.png</texturesliderbarfocus>
				<textureslidernib></textureslidernib>
				<textureslidernibfocus></textureslidernibfocus>
				<visible>!Skin.HasSetting(Scrollbars)</visible>
			</control>

		</control>

	</controls>

</window>