<?xml version="1.0" encoding="UTF-8"?>
<window>
	<!-- profiles -->
	<backgroundcolor>0</backgroundcolor>
	<defaultcontrol always="true">4</defaultcontrol>

	<controls>

		<!-- Background -->
		<include>WindowBackgroundImage</include>

		<!-- Time -->
		<include>Time</include>

		<!-- Default list -->
		<control type="group" id="50">
			<control type="grouplist" id="500">
				<include>SettingsProfile_coords1</include>
				<itemgap>0</itemgap>
				<onleft>3001</onleft>
				<onright>noop</onright>
				<onup>noop</onup>
				<ondown>2</ondown>
				<orientation>vertical</orientation>
				<usecontrolcoords>true</usecontrolcoords>
				<defaultcontrol always="true">4</defaultcontrol>

				<!-- Enable login screen -->
				<control type="radiobutton" id="4">
					<include>SettingsProfile_coords2</include>
					<font>Font33</font>
					<textcolor>$VAR[TextColor2]</textcolor>
					<focusedcolor>$VAR[TextColor1]</focusedcolor>
					<disabledcolor>$VAR[TextColor4]</disabledcolor>
					<label>20096</label>
				</control>

				<!-- Auto login -->
				<control type="button" id="5">
					<include>SettingsProfile_coords2</include>
					<font>Font33</font>
					<textcolor>$VAR[TextColor2]</textcolor>
					<focusedcolor>$VAR[TextColor1]</focusedcolor>
					<invalidcolor>$VAR[InvalidColor]</invalidcolor>
					<disabledcolor>$VAR[DisabledColor]</disabledcolor>
					<label>33084</label>
					<enable>!System.HasLoginScreen</enable>
				</control>

				<!-- Separator -->
				<control type="image" id="6">
					<include>SettingsProfile_coords3</include>
					<texture border="1,12,1,1" colordiffuse="$VAR[DialogOverlayColorNF]">common/ScrollBackgroundHorizontal.png</texture>
				</control>

			</control>

			<control type="list" id="2">
				<include>SettingsProfile_coords4</include>
				<onleft>3001</onleft>
				<onright>noop</onright>
				<onup>500</onup>
				<ondown>noop</ondown>
				<orientation>vertical</orientation>

				<include>SettingsProfile_coords5</include>

				<include>SettingsProfile_coords6</include>

			</control>
		</control>
		
		<!-- Submenu indicator -->
		<control type="group">
			<visible>!ControlGroup(9002).HasFocus + !Window.IsVisible(shutdownmenu) + !Window.IsVisible(contextmenu)</visible>
			<animation effect="fade" start="0" end="100" time="200">VisibleChange</animation>
			<animation effect="slide" time="200" start="-200,0" end="0,0">WindowOpen</animation>
			<animation effect="slide" time="200" start="0,0" end="-200,0">WindowClose</animation>
			<control type="image">
				<left>10</left>
				<centertop>50%</centertop>
				<width>30</width>
				<height>30</height>
				<texture colordiffuse="$VAR[DialogColor2]">sub-menu-left.png</texture>
			</control>
		</control>

		<!-- Settings quick-nav -->
		<control type="group" id="9002">
			<include>NotificationDepth</include>
			<control type="image">
				<include>FullscreenOverlayDimensions</include>
				<texture colordiffuse="$VAR[DarkenColor]">dialogs/DialogTextBackground.png</texture>
				<animation effect="fade" start="0" end="100" time="200">Visible</animation>
				<animation effect="fade" start="100" end="0" time="200">Hidden</animation>
				<visible>ControlGroup(9002).HasFocus</visible>
				<include>BackgroundDepth</include>
			</control>
			<control type="group">
				<left>-460</left>
				<top>0</top>
				<animation effect="slide" start="0,0" end="460,0" time="200" condition="ControlGroup(9002).HasFocus">Conditional</animation>
				<control type="button">
					<include>OptionsSideMenu1</include>
					<texturefocus>noop</texturefocus>
				</control>

				<control type="image">
					<include>OptionsSideMenu1</include>
					<texture colordiffuse="$VAR[OverlayColor]">dialogs/Background.png</texture>
				</control>

				<control type="grouplist" id="3001">
					<include>OptionsSideMenu3</include>
					<onleft>50</onleft>
					<onright>50</onright>
					<onback>50</onback>
					<scrolltime>200</scrolltime>
					<orientation>vertical</orientation>
					<itemgap>0</itemgap>
					<defaultcontrol always="true">190</defaultcontrol>

					<include content="SideMenuAnimation">
						<param name="containerID">3001</param>
					</include>

					<control type="button" id="190">
						<label>14206</label>
						<height>52</height>
						<onclick>ReplaceWindow(InterfaceSettings)</onclick>
						<texturefocus colordiffuse="$VAR[buttonfocus]">common/focus52.png</texturefocus>
					</control>
					<control type="button" id="191">
						<label>16003</label>
						<height>52</height>
						<onclick>ReplaceWindow(PlayerSettings)</onclick>
						<texturefocus colordiffuse="$VAR[buttonfocus]">common/focus52.png</texturefocus>
					</control>
					<control type="button" id="192">
						<label>14211</label>
						<height>52</height>
						<onclick>ReplaceWindow(MediaSettings)</onclick>
						<texturefocus colordiffuse="$VAR[buttonfocus]">common/focus52.png</texturefocus>
					</control>
					<control type="button" id="193">
						<label>31015</label>
						<height>52</height>
						<onclick>ReplaceWindow(PVRSettings)</onclick>
						<texturefocus colordiffuse="$VAR[buttonfocus]">common/focus52.png</texturefocus>
					</control>
					<control type="button" id="194">
						<label>13200</label>
						<height>52</height>
						<onclick>ReplaceWindow(Profiles)</onclick>
						<texturefocus colordiffuse="$VAR[buttonfocus]">common/focus52.png</texturefocus>
					</control>
					<control type="button" id="195">
						<label>14036</label>
						<height>52</height>
						<onclick>ReplaceWindow(ServiceSettings)</onclick>
						<texturefocus colordiffuse="$VAR[buttonfocus]">common/focus52.png</texturefocus>
					</control>
					<control type="button" id="196">
						<label>13000</label>
						<height>52</height>
						<onclick>ReplaceWindow(SystemSettings)</onclick>
						<texturefocus colordiffuse="$VAR[buttonfocus]">common/focus52.png</texturefocus>
					</control>
					<control type="button" id="197">
						<label>130</label>
						<height>52</height>
						<onclick>ReplaceWindow(SystemInfo)</onclick>
						<texturefocus colordiffuse="$VAR[buttonfocus]">common/focus52.png</texturefocus>
					</control>
					
					<include>SideMenuControls</include>
					
				</control>
			</control>
		</control>

		<include>MaskingBars</include>

	</controls>

</window>
