<?xml version="1.0" encoding="UTF-8"?>
<includes>

	<include name="Viewtype531">

		<!-- Wall info -->
		<control type="group">
			<visible>Control.IsVisible(531)</visible>

			<!-- Movie/TV show info -->
			<control type="group">
				<include>Viewtype531_coords1</include>
				<visible>Container.Content(movies) | Container.Content(tvshows)</visible>
				
				<!-- Title -->
				<control type="fadelabel">
					<include>Viewtype531_coords2</include>
					<font>Font42</font>
					<align>center</align>
					<textcolor>$VAR[TextColor1]</textcolor>
					<label>$VAR[Label1]</label>
					<visible>!String.IsEmpty(ListItem.Plot) | !String.IsEmpty(ListItem.PlotOutline)</visible>
				</control>
				
				<!-- Details -->
				<control type="fadelabel">
					<include>Viewtype531_coords3</include>
					<font>Font27</font>
					<align>center</align>
					<aligny>top</aligny>
					<label>$VAR[Label2]</label>
					<textcolor>$VAR[TextColor1]</textcolor>
					<visible>!String.IsEmpty(ListItem.Plot) | !String.IsEmpty(ListItem.PlotOutline)</visible>
				</control>
				
				<!-- User Rating -->
				<control type="fadelabel">
					<include>Viewtype531_coords4</include>
					<font>Font27</font>
					<align>center</align>
					<aligny>top</aligny>
					<label>$INFO[ListItem.UserRating,$LOCALIZE[38018]: ,]</label>
					<textcolor>$VAR[TextColor1]</textcolor>
					<visible>[!String.IsEmpty(ListItem.Plot) | !String.IsEmpty(ListItem.PlotOutline)] + Skin.HasSetting(UserRating) + !String.IsEmpty(ListItem.UserRating)</visible>
				</control>
				
				<!-- Title -->
				<control type="fadelabel">
					<include>Viewtype531_coords5</include>
					<font>Font42</font>
					<align>center</align>
					<textcolor>$VAR[TextColor1]</textcolor>
					<label>$VAR[Label1]</label>
					<visible>String.IsEmpty(ListItem.Plot) + String.IsEmpty(ListItem.PlotOutline)</visible>
				</control>
				
				<!-- Plot -->
				<control type="group">
					<include>Viewtype531_coords6</include>
					<visible>[!String.IsEmpty(ListItem.Plot) | !String.IsEmpty(ListItem.PlotOutline)] + Skin.HasSetting(UserRating) + !String.IsEmpty(ListItem.UserRating)</visible>
					<control type="textbox">
						<align>left</align>
						<label>$INFO[ListItem.Plot]</label>
						<textcolor>$VAR[TextColor1]</textcolor>
						<autoscroll delay="5000" time="1400" repeat="10000">true</autoscroll>
						<visible>Skin.String(PlotFont,S) | Skin.String(PlotFont,S light)</visible>
					</control>
					<control type="textbox">
						<align>left</align>
						<font>Font30</font>
						<label>$INFO[ListItem.Plot]</label>
						<textcolor>$VAR[TextColor1]</textcolor>
						<autoscroll delay="5000" time="1300" repeat="10000">true</autoscroll>
						<visible>Skin.String(PlotFont,M) | Skin.String(PlotFont,M light)</visible>
					</control>
					<control type="textbox">
						<align>left</align>
						<font>Font33</font>
						<label>$INFO[ListItem.Plot]</label>
						<textcolor>$VAR[TextColor1]</textcolor>
						<autoscroll delay="5000" time="1200" repeat="10000">true</autoscroll>
						<visible>Skin.String(PlotFont,L) | Skin.String(PlotFont,XL) | Skin.String(PlotFont,L light) | Skin.String(PlotFont,XL light)</visible>
					</control>
				</control>
				
				<!-- Plot -->
				<control type="group">
					<include>Viewtype531_coords7</include>
					<visible>[!String.IsEmpty(ListItem.Plot) | !String.IsEmpty(ListItem.PlotOutline)] + [!Skin.HasSetting(UserRating) | String.IsEmpty(ListItem.UserRating)]</visible>
					<control type="textbox">
						<align>left</align>
						<label>$INFO[ListItem.Plot]</label>
						<textcolor>$VAR[TextColor1]</textcolor>
						<autoscroll delay="5000" time="1400" repeat="10000">true</autoscroll>
						<visible>Skin.String(PlotFont,S) | Skin.String(PlotFont,S light)</visible>
					</control>
					<control type="textbox">
						<align>left</align>
						<font>Font30</font>
						<label>$INFO[ListItem.Plot]</label>
						<textcolor>$VAR[TextColor1]</textcolor>
						<autoscroll delay="5000" time="1300" repeat="10000">true</autoscroll>
						<visible>Skin.String(PlotFont,M) | Skin.String(PlotFont,M light)</visible>
					</control>
					<control type="textbox">
						<align>left</align>
						<font>Font33</font>
						<label>$INFO[ListItem.Plot]</label>
						<textcolor>$VAR[TextColor1]</textcolor>
						<autoscroll delay="5000" time="1200" repeat="10000">true</autoscroll>
						<visible>Skin.String(PlotFont,L) | Skin.String(PlotFont,XL) | Skin.String(PlotFont,L light) | Skin.String(PlotFont,XL light)</visible>
					</control>
				</control>

			</control>
			
			
			<!-- Thumbs -->
			<control type="panel" id="531">
				<include>Viewtype531_coords8</include>
				<onleft>69</onleft>
				<onup>531</onup>
				<ondown>531</ondown>
				<pagecontrol>69</pagecontrol>
				<preloaditems>4</preloaditems>
				<viewtype label="$LOCALIZE[31133]">list</viewtype>
				<scrolltime tween="sine" easing="out">240</scrolltime>
				<visible>Container.Content(movies) | Container.Content(tvshows)</visible>

				<include>Viewtype531_coords9</include>

				<include>Viewtype531_coords10</include>
				
			</control>

		</control>

	</include>

	<include name="image-531">
		<param name="fallback">DefaultVideos.png</param>
		<param name="colordiffuse">FFFFFFFF</param>
		<param name="visible">False</param>
		<definition>
			<control type="image">
				<include>Viewtype531_coords11</include>
				<colordiffuse>$PARAM[colordiffuse]</colordiffuse>
				<texture fallback="$PARAM[fallback]" background="true">$VAR[mediaImages]</texture>
				<aspectratio align="center" aligny="bottom">keep</aspectratio>
				<visible>$PARAM[visible]</visible>
				<visible>!Integer.IsEqual(Container.NumItems,0) | [Integer.IsEqual(Container.NumItems,0) + ListItem.IsParentFolder]</visible>
			</control>
		</definition>
	</include>
	
	<include name="image-531-focused">
		<param name="fallback">DefaultVideos.png</param>
		<param name="colordiffuse">FFFFFFFF</param>
		<param name="visible">False</param>
		<definition>
			<control type="image">
				<include>Viewtype531_coords12</include>
				<colordiffuse>$PARAM[colordiffuse]</colordiffuse>
				<texture fallback="$PARAM[fallback]" background="true">$VAR[mediaImages]</texture>
				<aspectratio align="center" aligny="bottom">keep</aspectratio>
				<visible>$PARAM[visible]</visible>
				<visible>!Integer.IsEqual(Container.NumItems,0) | [Integer.IsEqual(Container.NumItems,0) + ListItem.IsParentFolder]</visible>
			</control>
		</definition>
	</include>

</includes>
