<?xml version="1.0" encoding="UTF-8"?>
<includes>

	<include name="Viewtype51">

		<!-- List -->
		<control type="group">
			<visible>Control.IsVisible(51)</visible>

			<!-- Media image - not episodes -->
			<control type="group">
				<visible>!Container.Content(episodes)</visible>

				<!-- Movies -->
				<include content="image-51-video">
					<param name="fallback">DefaultMovies.png</param>
					<param name="visible">Container.Content(movies)</param>
				</include>
				<!-- Albums -->
				<include content="image-51">
					<param name="fallback">DefaultAlbumCover.png</param>
					<param name="visible">Container.Content(albums)</param>
				</include>
				<!-- Others -->
				<include content="image-51">
					<param name="fallback">DefaultTVShows.png</param>
					<param name="visible">!Container.Content(movies) + !Container.Content(albums)</param>
				</include>
				<!-- Collection -->
				<control type="group">
					<include>Viewtype51_coords1</include>
					<control type="image">
						<include>Viewtype51_coords2</include>
						<fadetime>200</fadetime>
						<texture background="true">views/OverlayCornerLeft.png</texture>
						<visible>ListItem.IsCollection</visible>
					</control>
					<control type="image">
						<include>Viewtype51_coords2</include>
						<fadetime>200</fadetime>
						<texture background="true">views/OverlayCollection.png</texture>
						<visible>ListItem.IsCollection</visible>
					</control>
				</control>
			</control>

			<!-- Episode Info -->
			<control type="group">
				<include>Viewtype51_coords3</include>
				<visible>Container.Content(episodes)</visible>

				<control type="group">
					<!-- Episode image -->
					<control type="image">
						<include>Viewtype51_coords4</include>
						<fadetime>200</fadetime>
						<texture fallback="DefaultTVShows.png">$VAR[mediaImages]</texture>
						<aspectratio align="center" aligny="center">keep</aspectratio>
					</control>
				</control>

				<!-- Season & Episode Info -->
				<control type="fadelabel">
					<include>Viewtype51_coords5</include>
					<font>Font42</font>
					<label>$INFO[ListItem.TVShowTitle]</label>
					<textcolor>$VAR[TextColor1]</textcolor>
				</control>
				<control type="fadelabel">
					<include>Viewtype51_coords6</include>
					<font>Font33</font>
					<textcolor>$VAR[TextColor1]</textcolor>
					<label>$INFO[ListItem.Title]</label>
				</control>
				<control type="fadelabel">
					<include>Viewtype51_coords7</include>
					<font>Font30</font>
					<textcolor>$VAR[TextColor1]</textcolor>
					<label>$VAR[SEListView]</label>
				</control>
				
				<!-- Episode Plot -->
				<control type="group">
					<include>Viewtype51_coords8</include>
					<control type="textbox">
						<align>left</align>
						<label>$INFO[ListItem.Plot]</label>
						<textcolor>$VAR[TextColor1]</textcolor>
						<autoscroll delay="5000" time="1400" repeat="10000">true</autoscroll>
						<visible>Skin.String(PlotFont,S) | Skin.String(PlotFont,S light)</visible>
					</control>
					<control type="textbox">
						<align>left</align>
						<font>Font30</font>
						<label>$INFO[ListItem.Plot]</label>
						<textcolor>$VAR[TextColor1]</textcolor>
						<autoscroll delay="5000" time="1300" repeat="10000">true</autoscroll>
						<visible>Skin.String(PlotFont,M) | Skin.String(PlotFont,M light)</visible>
					</control>
					<control type="textbox">
						<align>left</align>
						<font>Font33</font>
						<label>$INFO[ListItem.Plot]</label>
						<textcolor>$VAR[TextColor1]</textcolor>
						<autoscroll delay="5000" time="1200" repeat="10000">true</autoscroll>
						<visible>Skin.String(PlotFont,L) | Skin.String(PlotFont,XL) | Skin.String(PlotFont,L light) | Skin.String(PlotFont,XL light)</visible>
					</control>
				</control>

			</control>

			<!-- List -->
			<control type="fixedlist" id="51">
				<include>Viewtype51_coords9</include>
				<onup>51</onup>
				<ondown>51</ondown>
				<onleft>60</onleft>
				<pagecontrol>60</pagecontrol>
				<focusposition>4</focusposition>
				<orientation>vertical</orientation>
				<viewtype label="535">list</viewtype>
				<scrolltime tween="sine" easing="out">240</scrolltime>
				<visible>Container.Content(movies) | Container.Content(tvshows) | Container.Content(seasons) | Container.Content(episodes) | Container.Content(albums)</visible>

				<include>Viewtype51_coords10</include>

				<include>Viewtype51_coords11</include>

			</control>

		</control>

	</include>

	<include name="image-51">
		<param name="fallback">DefaultVideo.png</param>
		<param name="visible">False</param>
		<definition>
			<control type="image">
				<include>Viewtype51_coords12</include>
				<fadetime>200</fadetime>
				<texture fallback="$PARAM[fallback]" background="true">$VAR[mediaImages]</texture>
				<aspectratio aligny="center">keep</aspectratio>
				<visible>$PARAM[visible]</visible>
				<visible>!Integer.IsEqual(Container.NumItems,0) | [Integer.IsEqual(Container.NumItems,0) + ListItem.IsParentFolder]</visible>
			</control>
		</definition>
	</include>
	
	<include name="image-51-video">
		<param name="fallback">DefaultVideo.png</param>
		<param name="visible">False</param>
		<definition>
			<control type="image">
				<include>Viewtype51_coords12</include>
				<fadetime>200</fadetime>
				<texture fallback="$PARAM[fallback]" background="true">$VAR[mediaImages]</texture>
				<aspectratio align="left" aligny="bottom">keep</aspectratio>
				<visible>$PARAM[visible]</visible>
				<visible>!Integer.IsEqual(Container.NumItems,0) | [Integer.IsEqual(Container.NumItems,0) + ListItem.IsParentFolder]</visible>
			</control>
		</definition>
	</include>

</includes>
