<?xml version="1.0" encoding="UTF-8"?>
<includes>

	<include name="Viewtype521">
		
		<!-- Wide low -->
		<control type="group">
			<visible>Control.IsVisible(521)</visible>

			<control type="fixedlist" id="521">
				<include>Viewtype521_coords1</include>
				<ondown>61</ondown>
				<onleft>521</onleft>
				<onright>521</onright>
				<pagecontrol>61</pagecontrol>
				<preloaditems>6</preloaditems>
				<focusposition>5</focusposition>
				<orientation>horizontal</orientation>
				<viewtype label="$LOCALIZE[31112]">icon</viewtype>
				<scrolltime tween="sine" easing="out">240</scrolltime>
				<visible>Container.Content(movies) | Container.Content(tvshows) | Container.Content(seasons) | Container.Content(albums) | Container.Content(artists)</visible>

				<include>Viewtype521_coords2</include>

				<include>Viewtype521_coords3</include>

			</control>

			<control type="group">
				<include>Viewtype521_coords4</include>

				<!-- Title -->
				<control type="fadelabel">
					<include>Viewtype521_coords5</include>
					<font>Font72</font>
					<align>center</align>
					<textcolor>$VAR[TextColor1]</textcolor>
					<label>$VAR[Label1]</label>
					<scrollspeed>120</scrollspeed>
					<animation effect="fade" start="100" end="50" time="200" tween="cubic" easing="out" reversible="false" condition="!Control.HasFocus(521)">Conditional</animation>
				</control>

				<!-- Details -->
				<control type="fadelabel">
					<include>Viewtype521_coords6</include>
					<font>Font27</font>
					<align>center</align>
					<aligny>top</aligny>
					<label>$VAR[Label2]</label>
					<textcolor>$VAR[TextColor1]</textcolor>
					<animation effect="fade" start="100" end="50" time="200" tween="cubic" easing="out" reversible="false" condition="!Control.HasFocus(521)">Conditional</animation>
				</control>

			</control>

		</control>

	</include>

	<include name="image-521">
		<param name="fallback">DefaultVideos.png</param>
		<param name="visible">False</param>
		<definition>
			<control type="image">
				<include>Viewtype521_coords7</include>
				<colordiffuse>$VAR[DiffusePosterNF]</colordiffuse>
				<texture background="true" fallback="$PARAM[fallback]">$VAR[mediaImages]</texture>
				<aspectratio align="center" aligny="bottom">keep</aspectratio>
				<visible>$PARAM[visible]</visible>
				<visible>!Integer.IsEqual(Container.NumItems,0) | [Integer.IsEqual(Container.NumItems,0) + ListItem.IsParentFolder]</visible>
			</control>
		</definition>
	</include>

	<include name="image-521-focus">
		<param name="fallback">DefaultVideos.png</param>
		<param name="visible">False</param>
		<definition>
			<control type="image">
				<include>Viewtype521_coords8</include>
				<texture background="true" fallback="$PARAM[fallback]">$VAR[mediaImages]</texture>
				<aspectratio align="center" aligny="bottom">keep</aspectratio>
				<visible>$PARAM[visible]</visible>
				<visible>!Integer.IsEqual(Container.NumItems,0) | [Integer.IsEqual(Container.NumItems,0) + ListItem.IsParentFolder]</visible>
			</control>
		</definition>
	</include>

</includes>
