<?xml version="1.0" encoding="UTF-8"?>
<window>
	<!-- Addon browser -->
	<backgroundcolor>0</backgroundcolor>
	<defaultcontrol always="true">500</defaultcontrol>
	<views>500</views>
	
	<!-- Sidemenu menucontrol -->
	<include content="SidemenuMenucontrol">
		<param name="id">3001</param>
	</include>
	
	<!--Welcome screen -->
	<onload condition="String.IsEmpty(Skin.String(WelcomeDialogShown)) + !System.HasAddon(service.osmc.settings)">ActivateWindow(1101)</onload>
	
	<!-- Skin Shortcuts -->
	<onunload condition="System.HasAddon(script.skinshortcuts)">RunScript(script.skinshortcuts,type=buildxml&amp;mainmenuID=9000&amp;group=mainmenu&amp;levels=1&amp;options=noGroups)</onunload>
	
	<!-- Skin settings, background + colors -->
	<include>Onloads</include>

	<controls>

		<!-- Background -->
		<include>WindowBackgroundImage</include>

		<!-- Time -->
		<control type="group">
			<include>Time</include>
		</control>

		<control type="group">
			
			<!-- Image -->
			<control type="image">
				<include>AddonBrowser_coords1</include>
				<texture>$INFO[ListItem.Icon]</texture>
				<colordiffuse>$VAR[OverlayColorFO]</colordiffuse>
				<aspectratio aligny="center">keep</aspectratio>
			</control>

			<!-- List -->
			<control type="fixedlist" id="500">
				<include>AddonBrowser_coords2</include>
				<onup>500</onup>
				<ondown>500</ondown>
				<onleft>60</onleft>
				<onright condition="!Skin.HasSetting(KioskMode)">3001</onright>
				<pagecontrol>60</pagecontrol>
				<focusposition>4</focusposition>
				<orientation>vertical</orientation>
				<viewtype label="535">list</viewtype>
				<scrolltime tween="sine" easing="out">240</scrolltime>
				<visible>!String.IsEmpty(Container.FolderPath)</visible>

				<include>AddonBrowser_coords3</include>

				<include>AddonBrowser_coords4</include>

			</control>

			<!-- Scrollbar (list) -->
			<control type="scrollbar" id="60">
				<include>AddonBrowser_coords5</include>
				<onleft condition="!Skin.HasSetting(KioskMode)">3001</onleft>
				<onright>500</onright>
				<showonepage>false</showonepage>
				<orientation>vertical</orientation>
				<colordiffuse>$VAR[OverlayColorNF]</colordiffuse>
				<texturesliderbackground border="9,1,6,1">common/ScrollBackground.png</texturesliderbackground>
				<texturesliderbar border="8,1,6,1">common/ScrollbarGripNF.png</texturesliderbar>
				<texturesliderbarfocus border="8,1,6,1" colordiffuse="$VAR[DialogColor1]">common/ScrollbarGripFO.png</texturesliderbarfocus>
				<textureslidernib></textureslidernib>
				<textureslidernibfocus></textureslidernibfocus>
				<visible>!Skin.HasSetting(Scrollbars) + Control.IsVisible(500)</visible>
			</control>

			<!-- Item count -->
			<include>ItemCount</include>
			
			<!-- Submenu indicator -->
			<control type="group">
				<visible>!Skin.HasSetting(KioskMode)</visible>
				<visible>!ControlGroup(9002).HasFocus + !Window.IsVisible(contextmenu)</visible>
				<include>VisibleFadeAnimation</include>
				
				<control type="image">
					<left>10</left>
					<centertop>50%</centertop>
					<width>30</width>
					<height>30</height>
					<texture colordiffuse="$VAR[DialogColor2]">sub-menu-left.png</texture>
				</control>
			</control>

			<!-- Options -->
			<control type="group" id="9002">
				<include>NotificationDepth</include>
				<visible>!Skin.HasSetting(KioskMode)</visible>
				<control type="image">
					<include>FullscreenOverlayDimensions</include>
					<texture colordiffuse="$VAR[DarkenColor]">dialogs/DialogTextBackground.png</texture>
					<include>VisibleFadeAnimation</include>
					<visible>ControlGroup(9002).HasFocus</visible>
					<include>BackgroundDepth</include>
				</control>
				<control type="group">
					<left>-460</left>
					<top>0</top>
					<animation effect="slide" start="0,0" end="460,0" time="200" condition="ControlGroup(9002).HasFocus">Conditional</animation>
					<control type="button">
						<include>OptionsSideMenu1</include>
						<texturefocus>noop</texturefocus>
					</control>

					<control type="image">
						<include>OptionsSideMenu1</include>
						<texture colordiffuse="$VAR[OverlayColor]">dialogs/Background.png</texture>
					</control>

					<!-- Look controls -->
					<control type="grouplist" id="3001">
						<include condition="Integer.IsGreater(Container.ViewCount,1)">OptionsSideMenu2</include>
						<include condition="!Integer.IsGreater(Container.ViewCount,1)">OptionsSideMenu3</include>
						<onleft>500</onleft>
						<onright>500</onright>
						<onback>500</onback>
						<scrolltime>200</scrolltime>
						<orientation>vertical</orientation>
						<itemgap>0</itemgap>
						<defaultcontrol always="true">99</defaultcontrol>

						<include content="SideMenuAnimation">
							<param name="containerID">3001</param>
						</include>
						
						<!-- View -->
						<control type="button" id="99">
							<height>52</height>
							<label>$LOCALIZE[31233]$INFO[Container.ViewMode]</label>
							<onclick>Container.NextViewMode</onclick>
							<visible>Integer.IsGreater(Container.ViewCount,1)</visible>
						</control>


						<control type="image" id="80">
							<left>0</left>
							<top>0</top>
							<width>410</width>
							<height>10</height>
							<texture>transparent.png</texture>
							<visible>Integer.IsGreater(Container.ViewCount,1)</visible>
						</control>
						

						<!-- Sort by -->
						<control type="button" id="3">
							<height>52</height>
							<label>103</label>
							<visible>Control.IsEnabled(3)</visible>
						</control>
						<!-- Sort ascending/descending -->
						<control type="togglebutton" id="4">
							<height>52</height>
							<label>$LOCALIZE[31234]$LOCALIZE[584]</label>
							<altlabel>$LOCALIZE[31234]$LOCALIZE[585]</altlabel>
							<usealttexture>Container.SortDirection(Descending)</usealttexture>
							<visible>Control.IsEnabled(4)</visible>
						</control>
						<!-- Filter -->
						<control type="edit" id="19">
							<height>52</height>
							<label>587</label>
							<visible>Container.CanFilter + !Container.CanFilterAdvanced</visible>
						</control>
						<!-- Filter -->
						<control type="radiobutton" id="93">
							<height>52</height>
							<label>587</label>
							<onclick>right</onclick>
							<onclick>Filter</onclick>
							<selected>Container.Filtered</selected>
							<visible>Container.CanFilterAdvanced</visible>
						</control>


						<control type="image" id="81">
							<left>0</left>
							<top>0</top>
							<width>410</width>
							<height>10</height>
							<texture colordiffuse="$VAR[OverlayColor]">transparent.png</texture>
						</control>


						<!-- Check for updates -->
						<control type="button" id="9">
							<height>52</height>
							<label>24034</label>
							<visible>Control.IsEnabled(9)</visible>
						</control>
						<!-- Settings -->
						<control type="button" id="5">
							<height>52</height>
							<label>10004</label>
							<visible>Control.IsEnabled(5)</visible>
						</control>
						<!-- Language -->
						<control type="radiobutton" id="7">
							<height>52</height>
							<label>25001</label>
							<visible>Control.IsEnabled(7)</visible>
						</control>
						
						<include>SideMenuControls</include>
					
					</control>
				</control>
			</control>

		</control>

		<include>MaskingBars</include>

	</controls>

</window>