<?xml version="1.0" encoding="UTF-8"?>
<includes>
	
	<include name="Viewtype53_coords1">
		<include condition="String.IsEqual(Skin.AspectRatio,16:9) + True">Viewtype53_coords1_16:9</include>
		<include condition="String.IsEqual(Skin.AspectRatio,21:9)">Viewtype53_coords1_21:9</include>
		<include condition="String.IsEqual(Skin.AspectRatio,16:9) + False">Viewtype53_coords1_21:9_masked</include>
		<include condition="String.IsEqual(Skin.AspectRatio,4:3)">Viewtype53_coords1_4:3</include>
	</include>
	<include name="Viewtype53_coords1_16:9">
		<left>150</left>
		<top>175</top>
		<width>1620</width>
		<height>666</height>
	</include>
	<include name="Viewtype53_coords1_21:9">
		<left>150</left>
		<top>175</top>
		<width>2260</width>
		<height>666</height>
	</include>
	<include name="Viewtype53_coords1_21:9_masked">
		<left>150</left>
		<top>355</top>
		<width>2260</width>
		<height>666</height>
	</include>
	<include name="Viewtype53_coords1_4:3">
		<left>150</left>
		<top>175</top>
		<width>1140</width>
		<height>666</height>
	</include>
	
	<include name="Viewtype53_coords2">
		<include condition="String.IsEqual(Skin.AspectRatio,16:9) + True">Viewtype53_coords2_16:9</include>
		<include condition="String.IsEqual(Skin.AspectRatio,21:9)">Viewtype53_coords2_21:9</include>
		<include condition="String.IsEqual(Skin.AspectRatio,16:9) + False">Viewtype53_coords2_21:9_masked</include>
		<include condition="String.IsEqual(Skin.AspectRatio,4:3)">Viewtype53_coords2_4:3</include>
	</include>
	<include name="Viewtype53_coords2_16:9">
		<itemlayout width="270" height="333">
			<!-- Image - Movies -->
			<include content="image-53">
				<param name="fallback">DefaultMovie.png</param>
				<param name="colordiffuse">$VAR[DiffusePosterNF]</param>
				<param name="visible">Container.Content(movies) | Container.Content(sets)</param>
			</include>
			<!-- Image - TV -->
			<include content="image-53">
				<param name="fallback">DefaultTVShows.png</param>
				<param name="colordiffuse">$VAR[DiffusePosterNF]</param>
				<param name="visible">Container.Content(tvshows) | Container.Content(seasons)</param>
			</include>
			<!-- Collection -->
			<control type="group">
				<left>35</left>
				<bottom>15</bottom>
				<width>200</width>
				<height>22</height>
				<visible>ListItem.IsCollection</visible>
				<control type="image">
					<texture background="true">views/OverlayBottomBar.png</texture>
					<colordiffuse>$VAR[DiffusePosterNF]</colordiffuse>
				</control>
				<control type="image">
					<width>22</width>
					<centerleft>100</centerleft>
					<texture background="true">views/OverlayCollectionWide.png</texture>
					<colordiffuse>$VAR[DiffusePosterNF]</colordiffuse>
				</control>
			</control>
			<!-- Watched status -->
			<control type="group">
				<left>35</left>
				<bottom>15</bottom>
				<width>200</width>
				<height>22</height>
				<visible>!ListItem.IsCollection</visible>
				<control type="image">
					<texture background="true">views/OverlayBottomBar.png</texture>
					<colordiffuse>$VAR[DiffusePosterNF]</colordiffuse>
					<visible>[ListItem.IsFolder + Integer.IsGreater(ListItem.Property(WatchedEpisodes),0) + Integer.IsGreater(ListItem.Property(UnWatchedEpisodes),0)] | String.IsEqual(ListItem.Overlay,OverlayWatched.png) | ListItem.IsResumable | !String.IsEmpty(ListItem.PlayCount)</visible>
					<visible>[String.IsEqual(ListItem.DBTYPE,music) | String.IsEqual(ListItem.DBTYPE,song) | String.IsEqual(ListItem.DBTYPE,album) | String.IsEqual(ListItem.DBTYPE,artist)] + !Skin.HasSetting(MusicListenedToStatus) | [String.IsEqual(ListItem.DBTYPE,video) | String.IsEqual(ListItem.DBTYPE,movie) | String.IsEqual(ListItem.DBTYPE,tvshow) | String.IsEqual(ListItem.DBTYPE,season) | String.IsEqual(ListItem.DBTYPE,episode) | String.IsEqual(ListItem.DBTYPE,musicvideo)] + !Skin.HasSetting(VideoWatchedStatus)</visible>
				</control>
				<control type="image">
					<width>22</width>
					<centerleft>100</centerleft>
					<texture background="true">$VAR[StatusOverlayWide]</texture>
					<colordiffuse>$VAR[DiffusePosterNF]</colordiffuse>
				</control>
			</control>
		</itemlayout>
	</include>
	<include name="Viewtype53_coords2_21:9">
		<itemlayout width="282" height="333">
			<!-- Image - Movies -->
			<include content="image-53">
				<param name="fallback">DefaultMovie.png</param>
				<param name="colordiffuse">$VAR[DiffusePosterNF]</param>
				<param name="visible">Container.Content(movies) | Container.Content(sets)</param>
			</include>
			<!-- Image - TV -->
			<include content="image-53">
				<param name="fallback">DefaultTVShows.png</param>
				<param name="colordiffuse">$VAR[DiffusePosterNF]</param>
				<param name="visible">Container.Content(tvshows) | Container.Content(seasons)</param>
			</include>
			<!-- Collection -->
			<control type="group">
				<left>41</left>
				<bottom>15</bottom>
				<width>200</width>
				<height>22</height>
				<visible>ListItem.IsCollection</visible>
				<control type="image">
					<texture background="true">views/OverlayBottomBar.png</texture>
					<colordiffuse>$VAR[DiffusePosterNF]</colordiffuse>
				</control>
				<control type="image">
					<width>22</width>
					<centerleft>100</centerleft>
					<texture background="true">views/OverlayCollectionWide.png</texture>
					<colordiffuse>$VAR[DiffusePosterNF]</colordiffuse>
				</control>
			</control>
			<!-- Watched status -->
			<control type="group">
				<left>41</left>
				<bottom>15</bottom>
				<width>200</width>
				<height>22</height>
				<visible>!ListItem.IsCollection</visible>
				<control type="image">
					<texture background="true">views/OverlayBottomBar.png</texture>
					<colordiffuse>$VAR[DiffusePosterNF]</colordiffuse>
					<visible>[ListItem.IsFolder + Integer.IsGreater(ListItem.Property(WatchedEpisodes),0) + Integer.IsGreater(ListItem.Property(UnWatchedEpisodes),0)] | String.IsEqual(ListItem.Overlay,OverlayWatched.png) | ListItem.IsResumable | !String.IsEmpty(ListItem.PlayCount)</visible>
					<visible>[String.IsEqual(ListItem.DBTYPE,music) | String.IsEqual(ListItem.DBTYPE,song) | String.IsEqual(ListItem.DBTYPE,album) | String.IsEqual(ListItem.DBTYPE,artist)] + !Skin.HasSetting(MusicListenedToStatus) | [String.IsEqual(ListItem.DBTYPE,video) | String.IsEqual(ListItem.DBTYPE,movie) | String.IsEqual(ListItem.DBTYPE,tvshow) | String.IsEqual(ListItem.DBTYPE,season) | String.IsEqual(ListItem.DBTYPE,episode) | String.IsEqual(ListItem.DBTYPE,musicvideo)] + !Skin.HasSetting(VideoWatchedStatus)</visible>
				</control>
				<control type="image">
					<width>22</width>
					<centerleft>100</centerleft>
					<texture background="true">$VAR[StatusOverlayWide]</texture>
					<colordiffuse>$VAR[DiffusePosterNF]</colordiffuse>
				</control>
			</control>
		</itemlayout>
	</include>
	<include name="Viewtype53_coords2_21:9_masked">
		<itemlayout width="282" height="333">
			<!-- Image - Movies -->
			<include content="image-53">
				<param name="fallback">DefaultMovie.png</param>
				<param name="colordiffuse">$VAR[DiffusePosterNF]</param>
				<param name="visible">Container.Content(movies) | Container.Content(sets)</param>
			</include>
			<!-- Image - TV -->
			<include content="image-53">
				<param name="fallback">DefaultTVShows.png</param>
				<param name="colordiffuse">$VAR[DiffusePosterNF]</param>
				<param name="visible">Container.Content(tvshows) | Container.Content(seasons)</param>
			</include>
			<!-- Collection -->
			<control type="group">
				<left>41</left>
				<bottom>15</bottom>
				<width>200</width>
				<height>22</height>
				<visible>ListItem.IsCollection</visible>
				<control type="image">
					<texture background="true">views/OverlayBottomBar.png</texture>
					<colordiffuse>$VAR[DiffusePosterNF]</colordiffuse>
				</control>
				<control type="image">
					<width>22</width>
					<centerleft>100</centerleft>
					<texture background="true">views/OverlayCollectionWide.png</texture>
					<colordiffuse>$VAR[DiffusePosterNF]</colordiffuse>
				</control>
			</control>
			<!-- Watched status -->
			<control type="group">
				<left>41</left>
				<bottom>15</bottom>
				<width>200</width>
				<height>22</height>
				<visible>!ListItem.IsCollection</visible>
				<control type="image">
					<texture background="true">views/OverlayBottomBar.png</texture>
					<colordiffuse>$VAR[DiffusePosterNF]</colordiffuse>
					<visible>[ListItem.IsFolder + Integer.IsGreater(ListItem.Property(WatchedEpisodes),0) + Integer.IsGreater(ListItem.Property(UnWatchedEpisodes),0)] | String.IsEqual(ListItem.Overlay,OverlayWatched.png) | ListItem.IsResumable | !String.IsEmpty(ListItem.PlayCount)</visible>
					<visible>[String.IsEqual(ListItem.DBTYPE,music) | String.IsEqual(ListItem.DBTYPE,song) | String.IsEqual(ListItem.DBTYPE,album) | String.IsEqual(ListItem.DBTYPE,artist)] + !Skin.HasSetting(MusicListenedToStatus) | [String.IsEqual(ListItem.DBTYPE,video) | String.IsEqual(ListItem.DBTYPE,movie) | String.IsEqual(ListItem.DBTYPE,tvshow) | String.IsEqual(ListItem.DBTYPE,season) | String.IsEqual(ListItem.DBTYPE,episode) | String.IsEqual(ListItem.DBTYPE,musicvideo)] + !Skin.HasSetting(VideoWatchedStatus)</visible>
				</control>
				<control type="image">
					<width>22</width>
					<centerleft>100</centerleft>
					<texture background="true">$VAR[StatusOverlayWide]</texture>
					<colordiffuse>$VAR[DiffusePosterNF]</colordiffuse>
				</control>
			</control>
		</itemlayout>
	</include>
	<include name="Viewtype53_coords2_4:3">
		<itemlayout width="285" height="333">
			<!-- Image - Movies -->
			<include content="image-53">
				<param name="fallback">DefaultMovie.png</param>
				<param name="colordiffuse">$VAR[DiffusePosterNF]</param>
				<param name="visible">Container.Content(movies) | Container.Content(sets)</param>
			</include>
			<!-- Image - TV -->
			<include content="image-53">
				<param name="fallback">DefaultTVShows.png</param>
				<param name="colordiffuse">$VAR[DiffusePosterNF]</param>
				<param name="visible">Container.Content(tvshows) | Container.Content(seasons)</param>
			</include>
			<!-- Collection -->
			<control type="group">
				<left>43</left>
				<bottom>15</bottom>
				<width>200</width>
				<height>22</height>
				<visible>ListItem.IsCollection</visible>
				<control type="image">
					<texture background="true">views/OverlayBottomBar.png</texture>
					<colordiffuse>$VAR[DiffusePosterNF]</colordiffuse>
				</control>
				<control type="image">
					<width>22</width>
					<centerleft>100</centerleft>
					<texture background="true">views/OverlayCollectionWide.png</texture>
					<colordiffuse>$VAR[DiffusePosterNF]</colordiffuse>
				</control>
			</control>
			<!-- Watched status -->
			<control type="group">
				<left>43</left>
				<bottom>15</bottom>
				<width>200</width>
				<height>22</height>
				<visible>!ListItem.IsCollection</visible>
				<control type="image">
					<texture background="true">views/OverlayBottomBar.png</texture>
					<colordiffuse>$VAR[DiffusePosterNF]</colordiffuse>
					<visible>[ListItem.IsFolder + Integer.IsGreater(ListItem.Property(WatchedEpisodes),0) + Integer.IsGreater(ListItem.Property(UnWatchedEpisodes),0)] | String.IsEqual(ListItem.Overlay,OverlayWatched.png) | ListItem.IsResumable | !String.IsEmpty(ListItem.PlayCount)</visible>
					<visible>[String.IsEqual(ListItem.DBTYPE,music) | String.IsEqual(ListItem.DBTYPE,song) | String.IsEqual(ListItem.DBTYPE,album) | String.IsEqual(ListItem.DBTYPE,artist)] + !Skin.HasSetting(MusicListenedToStatus) | [String.IsEqual(ListItem.DBTYPE,video) | String.IsEqual(ListItem.DBTYPE,movie) | String.IsEqual(ListItem.DBTYPE,tvshow) | String.IsEqual(ListItem.DBTYPE,season) | String.IsEqual(ListItem.DBTYPE,episode) | String.IsEqual(ListItem.DBTYPE,musicvideo)] + !Skin.HasSetting(VideoWatchedStatus)</visible>
				</control>
				<control type="image">
					<width>22</width>
					<centerleft>100</centerleft>
					<texture background="true">$VAR[StatusOverlayWide]</texture>
					<colordiffuse>$VAR[DiffusePosterNF]</colordiffuse>
				</control>
			</control>
		</itemlayout>
	</include>
	
	<include name="Viewtype53_coords3">
		<include condition="String.IsEqual(Skin.AspectRatio,16:9) + True">Viewtype53_coords3_16:9</include>
		<include condition="String.IsEqual(Skin.AspectRatio,21:9)">Viewtype53_coords3_21:9</include>
		<include condition="String.IsEqual(Skin.AspectRatio,16:9) + False">Viewtype53_coords3_21:9_masked</include>
		<include condition="String.IsEqual(Skin.AspectRatio,4:3)">Viewtype53_coords3_4:3</include>
	</include>
	<include name="Viewtype53_coords3_16:9">
		<focusedlayout width="270" height="333">
			<control type="group">
				<animation effect="zoom" start="90" end="100" center="auto" time="300" tween="back" easing="out" reversible="false">Focus</animation>
				<!-- Image - Movies -->
				<include content="image-53-focused">
					<param name="fallback">DefaultMovie.png</param>
					<param name="visible">Container.Content(movies) | Container.Content(sets)</param>
				</include>
				<!-- Image - TV -->
				<include content="image-53-focused">
					<param name="fallback">DefaultTVShows.png</param>
					<param name="visible">Container.Content(tvshows) | Container.Content(seasons)</param>
				</include>
				<!-- Collection -->
				<control type="group">
					<left>24</left>
					<bottom>0</bottom>
					<width>222</width>
					<height>23</height>
					<visible>ListItem.IsCollection</visible>
					<control type="image">
						<texture background="true">views/OverlayBottomBar.png</texture>
					</control>
					<control type="image">
						<width>23</width>
						<centerleft>111</centerleft>
						<texture background="true">views/OverlayCollectionWide.png</texture>
					</control>
				</control>
				<!-- Watched status -->
				<control type="group">
					<left>24</left>
					<bottom>0</bottom>
					<width>222</width>
					<height>23</height>
					<visible>!ListItem.IsCollection</visible>
					<control type="image">
						<texture background="true">views/OverlayBottomBar.png</texture>
						<visible>[ListItem.IsFolder + Integer.IsGreater(ListItem.Property(WatchedEpisodes),0) + Integer.IsGreater(ListItem.Property(UnWatchedEpisodes),0)] | String.IsEqual(ListItem.Overlay,OverlayWatched.png) | ListItem.IsResumable | !String.IsEmpty(ListItem.PlayCount)</visible>
						<visible>[String.IsEqual(ListItem.DBTYPE,music) | String.IsEqual(ListItem.DBTYPE,song) | String.IsEqual(ListItem.DBTYPE,album) | String.IsEqual(ListItem.DBTYPE,artist)] + !Skin.HasSetting(MusicListenedToStatus) | [String.IsEqual(ListItem.DBTYPE,video) | String.IsEqual(ListItem.DBTYPE,movie) | String.IsEqual(ListItem.DBTYPE,tvshow) | String.IsEqual(ListItem.DBTYPE,season) | String.IsEqual(ListItem.DBTYPE,episode) | String.IsEqual(ListItem.DBTYPE,musicvideo)] + !Skin.HasSetting(VideoWatchedStatus)</visible>
					</control>
					<control type="image">
						<width>23</width>
						<centerleft>111</centerleft>
						<texture background="true">$VAR[StatusOverlayWide]</texture>
					</control>
				</control>
			</control>
		</focusedlayout>
	</include>
	<include name="Viewtype53_coords3_21:9">
		<focusedlayout width="282" height="333">
			<control type="group">
				<animation effect="zoom" start="90" end="100" center="auto" time="300" tween="back" easing="out" reversible="false">Focus</animation>
				<!-- Image - Movies -->
				<include content="image-53-focused">
					<param name="fallback">DefaultMovie.png</param>
					<param name="visible">Container.Content(movies) | Container.Content(sets)</param>
				</include>
				<!-- Image - TV -->
				<include content="image-53-focused">
					<param name="fallback">DefaultTVShows.png</param>
					<param name="visible">Container.Content(tvshows) | Container.Content(seasons)</param>
				</include>
				<!-- Collection -->
				<control type="group">
					<left>30</left>
					<bottom>0</bottom>
					<width>222</width>
					<height>23</height>
					<visible>ListItem.IsCollection</visible>
					<control type="image">
						<texture background="true">views/OverlayBottomBar.png</texture>
					</control>
					<control type="image">
						<width>23</width>
						<centerleft>111</centerleft>
						<texture background="true">views/OverlayCollectionWide.png</texture>
					</control>
				</control>
				<!-- Watched status -->
				<control type="group">
					<left>30</left>
					<bottom>0</bottom>
					<width>222</width>
					<height>23</height>
					<visible>!ListItem.IsCollection</visible>
					<control type="image">
						<texture background="true">views/OverlayBottomBar.png</texture>
						<visible>[ListItem.IsFolder + Integer.IsGreater(ListItem.Property(WatchedEpisodes),0) + Integer.IsGreater(ListItem.Property(UnWatchedEpisodes),0)] | String.IsEqual(ListItem.Overlay,OverlayWatched.png) | ListItem.IsResumable | !String.IsEmpty(ListItem.PlayCount)</visible>
						<visible>[String.IsEqual(ListItem.DBTYPE,music) | String.IsEqual(ListItem.DBTYPE,song) | String.IsEqual(ListItem.DBTYPE,album) | String.IsEqual(ListItem.DBTYPE,artist)] + !Skin.HasSetting(MusicListenedToStatus) | [String.IsEqual(ListItem.DBTYPE,video) | String.IsEqual(ListItem.DBTYPE,movie) | String.IsEqual(ListItem.DBTYPE,tvshow) | String.IsEqual(ListItem.DBTYPE,season) | String.IsEqual(ListItem.DBTYPE,episode) | String.IsEqual(ListItem.DBTYPE,musicvideo)] + !Skin.HasSetting(VideoWatchedStatus)</visible>
					</control>
					<control type="image">
						<width>23</width>
						<centerleft>111</centerleft>
						<texture background="true">$VAR[StatusOverlayWide]</texture>
					</control>
				</control>
			</control>
		</focusedlayout>
	</include>
	<include name="Viewtype53_coords3_21:9_masked">
		<focusedlayout width="282" height="333">
			<control type="group">
				<animation effect="zoom" start="90" end="100" center="auto" time="300" tween="back" easing="out" reversible="false">Focus</animation>
				<!-- Image - Movies -->
				<include content="image-53-focused">
					<param name="fallback">DefaultMovie.png</param>
					<param name="visible">Container.Content(movies) | Container.Content(sets)</param>
				</include>
				<!-- Image - TV -->
				<include content="image-53-focused">
					<param name="fallback">DefaultTVShows.png</param>
					<param name="visible">Container.Content(tvshows) | Container.Content(seasons)</param>
				</include>
				<!-- Collection -->
				<control type="group">
					<left>30</left>
					<bottom>0</bottom>
					<width>222</width>
					<height>23</height>
					<visible>ListItem.IsCollection</visible>
					<control type="image">
						<texture background="true">views/OverlayBottomBar.png</texture>
					</control>
					<control type="image">
						<width>23</width>
						<centerleft>111</centerleft>
						<texture background="true">views/OverlayCollectionWide.png</texture>
					</control>
				</control>
				<!-- Watched status -->
				<control type="group">
					<left>30</left>
					<bottom>0</bottom>
					<width>222</width>
					<height>23</height>
					<visible>!ListItem.IsCollection</visible>
					<control type="image">
						<texture background="true">views/OverlayBottomBar.png</texture>
						<visible>[ListItem.IsFolder + Integer.IsGreater(ListItem.Property(WatchedEpisodes),0) + Integer.IsGreater(ListItem.Property(UnWatchedEpisodes),0)] | String.IsEqual(ListItem.Overlay,OverlayWatched.png) | ListItem.IsResumable | !String.IsEmpty(ListItem.PlayCount)</visible>
						<visible>[String.IsEqual(ListItem.DBTYPE,music) | String.IsEqual(ListItem.DBTYPE,song) | String.IsEqual(ListItem.DBTYPE,album) | String.IsEqual(ListItem.DBTYPE,artist)] + !Skin.HasSetting(MusicListenedToStatus) | [String.IsEqual(ListItem.DBTYPE,video) | String.IsEqual(ListItem.DBTYPE,movie) | String.IsEqual(ListItem.DBTYPE,tvshow) | String.IsEqual(ListItem.DBTYPE,season) | String.IsEqual(ListItem.DBTYPE,episode) | String.IsEqual(ListItem.DBTYPE,musicvideo)] + !Skin.HasSetting(VideoWatchedStatus)</visible>
					</control>
					<control type="image">
						<width>23</width>
						<centerleft>111</centerleft>
						<texture background="true">$VAR[StatusOverlayWide]</texture>
					</control>
				</control>
			</control>
		</focusedlayout>
	</include>
	<include name="Viewtype53_coords3_4:3">
		<focusedlayout width="285" height="333">
			<control type="group">
				<animation effect="zoom" start="90" end="100" center="auto" time="300" tween="back" easing="out" reversible="false">Focus</animation>
				<!-- Image - Movies -->
				<include content="image-53-focused">
					<param name="fallback">DefaultMovie.png</param>
					<param name="visible">Container.Content(movies) | Container.Content(sets)</param>
				</include>
				<!-- Image - TV -->
				<include content="image-53-focused">
					<param name="fallback">DefaultTVShows.png</param>
					<param name="visible">Container.Content(tvshows) | Container.Content(seasons)</param>
				</include>
				<!-- Collection -->
				<control type="group">
					<left>32</left>
					<bottom>0</bottom>
					<width>222</width>
					<height>23</height>
					<visible>ListItem.IsCollection</visible>
					<control type="image">
						<texture background="true">views/OverlayBottomBar.png</texture>
					</control>
					<control type="image">
						<width>23</width>
						<centerleft>111</centerleft>
						<texture background="true">views/OverlayCollectionWide.png</texture>
					</control>
				</control>
				<!-- Watched status -->
				<control type="group">
					<left>32</left>
					<bottom>0</bottom>
					<width>222</width>
					<height>23</height>
					<visible>!ListItem.IsCollection</visible>
					<control type="image">
						<texture background="true">views/OverlayBottomBar.png</texture>
						<visible>[ListItem.IsFolder + Integer.IsGreater(ListItem.Property(WatchedEpisodes),0) + Integer.IsGreater(ListItem.Property(UnWatchedEpisodes),0)] | String.IsEqual(ListItem.Overlay,OverlayWatched.png) | ListItem.IsResumable | !String.IsEmpty(ListItem.PlayCount)</visible>
						<visible>[String.IsEqual(ListItem.DBTYPE,music) | String.IsEqual(ListItem.DBTYPE,song) | String.IsEqual(ListItem.DBTYPE,album) | String.IsEqual(ListItem.DBTYPE,artist)] + !Skin.HasSetting(MusicListenedToStatus) | [String.IsEqual(ListItem.DBTYPE,video) | String.IsEqual(ListItem.DBTYPE,movie) | String.IsEqual(ListItem.DBTYPE,tvshow) | String.IsEqual(ListItem.DBTYPE,season) | String.IsEqual(ListItem.DBTYPE,episode) | String.IsEqual(ListItem.DBTYPE,musicvideo)] + !Skin.HasSetting(VideoWatchedStatus)</visible>
					</control>
					<control type="image">
						<width>23</width>
						<centerleft>111</centerleft>
						<texture background="true">$VAR[StatusOverlayWide]</texture>
					</control>
				</control>
			</control>
		</focusedlayout>
	</include>
	
	<include name="Viewtype53_coords4">
		<include condition="String.IsEqual(Skin.AspectRatio,16:9) + True">Viewtype53_coords4_16:9</include>
		<include condition="String.IsEqual(Skin.AspectRatio,21:9)">Viewtype53_coords4_21:9</include>
		<include condition="String.IsEqual(Skin.AspectRatio,16:9) + False">Viewtype53_coords4_21:9_masked</include>
		<include condition="String.IsEqual(Skin.AspectRatio,4:3)">Viewtype53_coords4_4:3</include>
	</include>
	<include name="Viewtype53_coords4_16:9">
		<centerleft>50%</centerleft>
		<top>850</top>
		<width>1680</width>
		<height>142</height>
	</include>
	<include name="Viewtype53_coords4_21:9">
		<centerleft>50%</centerleft>
		<top>850</top>
		<width>2320</width>
		<height>142</height>
	</include>
	<include name="Viewtype53_coords4_21:9_masked">
		<centerleft>50%</centerleft>
		<top>1030</top>
		<width>2320</width>
		<height>142</height>
	</include>
	<include name="Viewtype53_coords4_4:3">
		<centerleft>50%</centerleft>
		<top>850</top>
		<width>1200</width>
		<height>142</height>
	</include>
	
	<include name="Viewtype53_coords5">
		<include condition="String.IsEqual(Skin.AspectRatio,16:9) + True">Viewtype53_coords5_16:9</include>
		<include condition="String.IsEqual(Skin.AspectRatio,21:9)">Viewtype53_coords5_21:9</include>
		<include condition="String.IsEqual(Skin.AspectRatio,16:9) + False">Viewtype53_coords5_21:9_masked</include>
		<include condition="String.IsEqual(Skin.AspectRatio,4:3)">Viewtype53_coords5_4:3</include>
	</include>
	<include name="Viewtype53_coords5_16:9">
		<centerleft>50%</centerleft>
		<top>0</top>
		<width>1680</width>
		<height>72</height>
	</include>
	<include name="Viewtype53_coords5_21:9">
		<centerleft>50%</centerleft>
		<top>0</top>
		<width>2320</width>
		<height>72</height>
	</include>
	<include name="Viewtype53_coords5_21:9_masked">
		<centerleft>50%</centerleft>
		<top>0</top>
		<width>2320</width>
		<height>72</height>
	</include>
	<include name="Viewtype53_coords5_4:3">
		<centerleft>50%</centerleft>
		<top>0</top>
		<width>1200</width>
		<height>72</height>
	</include>
	
	<include name="Viewtype53_coords6">
		<include condition="String.IsEqual(Skin.AspectRatio,16:9) + True">Viewtype53_coords6_16:9</include>
		<include condition="String.IsEqual(Skin.AspectRatio,21:9)">Viewtype53_coords6_21:9</include>
		<include condition="String.IsEqual(Skin.AspectRatio,16:9) + False">Viewtype53_coords6_21:9_masked</include>
		<include condition="String.IsEqual(Skin.AspectRatio,4:3)">Viewtype53_coords6_4:3</include>
	</include>
	<include name="Viewtype53_coords6_16:9">
		<centerleft>50%</centerleft>
		<top>82</top>
		<width>800</width>
		<height>54</height>
	</include>
	<include name="Viewtype53_coords6_21:9">
		<centerleft>50%</centerleft>
		<top>82</top>
		<width>1440</width>
		<height>54</height>
	</include>
	<include name="Viewtype53_coords6_21:9_masked">
		<centerleft>50%</centerleft>
		<top>82</top>
		<width>1440</width>
		<height>54</height>
	</include>
	<include name="Viewtype53_coords6_4:3">
		<centerleft>50%</centerleft>
		<top>82</top>
		<width>320</width>
		<height>54</height>
	</include>
	
	<include name="Viewtype53_coords7">
		<include condition="String.IsEqual(Skin.AspectRatio,16:9) + True">Viewtype53_coords7_16:9</include>
		<include condition="String.IsEqual(Skin.AspectRatio,21:9)">Viewtype53_coords7_21:9</include>
		<include condition="String.IsEqual(Skin.AspectRatio,16:9) + False">Viewtype53_coords7_21:9_masked</include>
		<include condition="String.IsEqual(Skin.AspectRatio,4:3)">Viewtype53_coords7_4:3</include>
	</include>
	<include name="Viewtype53_coords7_16:9">
		<bottom>15</bottom>
		<left>35</left>
		<width>200</width>
		<height>300</height>
	</include>
	<include name="Viewtype53_coords7_21:9">
		<bottom>15</bottom>
		<left>41</left>
		<width>200</width>
		<height>300</height>
	</include>
	<include name="Viewtype53_coords7_21:9_masked">
		<bottom>15</bottom>
		<left>41</left>
		<width>200</width>
		<height>300</height>
	</include>
	<include name="Viewtype53_coords7_4:3">
		<bottom>15</bottom>
		<left>43</left>
		<width>200</width>
		<height>300</height>
	</include>
	
	<include name="Viewtype53_coords8">
		<include condition="String.IsEqual(Skin.AspectRatio,16:9) + True">Viewtype53_coords8_16:9</include>
		<include condition="String.IsEqual(Skin.AspectRatio,21:9)">Viewtype53_coords8_21:9</include>
		<include condition="String.IsEqual(Skin.AspectRatio,16:9) + False">Viewtype53_coords8_21:9_masked</include>
		<include condition="String.IsEqual(Skin.AspectRatio,4:3)">Viewtype53_coords8_4:3</include>
	</include>
	<include name="Viewtype53_coords8_16:9">
		<bottom>0</bottom>
		<left>24</left>
		<width>222</width>
		<height>333</height>
	</include>
	<include name="Viewtype53_coords8_21:9">
		<bottom>0</bottom>
		<left>30</left>
		<width>222</width>
		<height>333</height>
	</include>
	<include name="Viewtype53_coords8_21:9_masked">
		<bottom>0</bottom>
		<left>30</left>
		<width>222</width>
		<height>333</height>
	</include>
	<include name="Viewtype53_coords8_4:3">
		<bottom>0</bottom>
		<left>32</left>
		<width>222</width>
		<height>333</height>
	</include>

</includes>