<?xml version="1.0" encoding="UTF-8"?>
<window>
	<!-- Home -->
	<backgroundcolor>0</backgroundcolor>
	<defaultcontrol always="true">9000</defaultcontrol>

	<!-- Sidemenu menucontrol -->
	<menucontrol>9001</menucontrol>

	<!--Welcome screen -->
	<onload condition="String.IsEmpty(Skin.String(WelcomeDialogShown)) + !System.HasAddon(service.osmc.settings)">ActivateWindow(1101)</onload>

	<!-- Skin Shortcuts -->
	<onload condition="System.HasAddon(script.skinshortcuts)">RunScript(script.skinshortcuts,type=buildxml&amp;mainmenuID=9000&amp;group=mainmenu&amp;levels=1&amp;options=noGroups)</onload>

	<!-- Skin Helper Service -->
	<onload>Skin.SetBool(SkinHelper.EnablePVRThumbs)</onload>
	
	<!-- Skin settings, background + colors -->
	<include>Onloads</include>

	<controls>

		<!-- Hidden control to load weather conditions -->
		<control type="label">
			<font></font>
			<label>$INFO[Weather.Conditions]</label>
		</control>

		<!-- Background -->
		<include content="WindowBackgroundImage">
			<param name="isHomeWindow">True</param>
		</include>

		<!-- Time -->
		<control type="group">
			<include content="Time">
				<param name="heading"></param>
			</include>
		</control>

		<!-- Logo -->
		<control type="image">
			<include>HomeLogo_coords</include>
			<texture>logo.png</texture>
			<include>WindowFadeAnimation</include>
		</control>
		
		<!-- Home layout -->
		<control type="group">
			<include>WindowFadeAnimation</include>
			<include>Home</include>
		</control>

		<!-- RSS -->
		<control type="group">
			<visible>system.getbool(lookandfeel.enablerssfeeds)</visible>
			<include>WindowFadeAnimation</include>
			<animation effect="slide" end="0,-187" time="200" condition="False + String.IsEqual(Skin.String(MaskingBars),2.40:1) + [!Skin.HasSetting(AutomaticMasking) | Skin.HasSetting(AutomaticMasking) + [!Player.HasVideo | !String.Contains(Player.FileName,-AR178-) + !String.Contains(Player.FileName,-AR178.) + !String.Contains(Player.FileName,-AR178_) + !String.Contains(Player.FileName,.AR178-) + !String.Contains(Player.FileName,.AR178.) + !String.Contains(Player.FileName,.AR178_) + !String.Contains(Player.FileName,_AR178-) + !String.Contains(Player.FileName,_AR178.) + !String.Contains(Player.FileName,_AR178_) + !String.Contains(Player.FileName,-AR200-) + !String.Contains(Player.FileName,-AR200.) + !String.Contains(Player.FileName,-AR200_) + !String.Contains(Player.FileName,.AR200-) + !String.Contains(Player.FileName,.AR200.) + !String.Contains(Player.FileName,.AR200_) + !String.Contains(Player.FileName,_AR200-) + !String.Contains(Player.FileName,_AR200.) + !String.Contains(Player.FileName,_AR200_) + !String.Contains(Player.FileName,-AR233-) + !String.Contains(Player.FileName,-AR233.) + !String.Contains(Player.FileName,-AR233_) + !String.Contains(Player.FileName,.AR233-) + !String.Contains(Player.FileName,.AR233.) + !String.Contains(Player.FileName,.AR233_) + !String.Contains(Player.FileName,_AR233-) + !String.Contains(Player.FileName,_AR233.) + !String.Contains(Player.FileName,_AR233_) + !String.Contains(Player.FileName,-AR235-) + !String.Contains(Player.FileName,-AR235.) + !String.Contains(Player.FileName,-AR235_) + !String.Contains(Player.FileName,.AR235-) + !String.Contains(Player.FileName,.AR235.) + !String.Contains(Player.FileName,.AR235_) + !String.Contains(Player.FileName,_AR235-) + !String.Contains(Player.FileName,_AR235.) + !String.Contains(Player.FileName,_AR235_) + !String.Contains(Player.FileName,-AR240-) + !String.Contains(Player.FileName,-AR240.) + !String.Contains(Player.FileName,-AR240_) + !String.Contains(Player.FileName,.AR240-) + !String.Contains(Player.FileName,.AR240.) + !String.Contains(Player.FileName,.AR240_) + !String.Contains(Player.FileName,_AR240-) + !String.Contains(Player.FileName,_AR240.) + !String.Contains(Player.FileName,_AR240_)]] | Skin.HasSetting(AutomaticMasking) + Player.HasVideo + [String.Contains(Player.FileName,-AR240-) | String.Contains(Player.FileName,-AR240.) | String.Contains(Player.FileName,-AR240_) | String.Contains(Player.FileName,.AR240-) | String.Contains(Player.FileName,.AR240.) | String.Contains(Player.FileName,.AR240_) | String.Contains(Player.FileName,_AR240-) | String.Contains(Player.FileName,_AR240.) | String.Contains(Player.FileName,_AR240_)]">Conditional</animation>
			<animation effect="slide" end="0,-175" time="200" condition="False + String.IsEqual(Skin.String(MaskingBars),2.35:1) + [!Skin.HasSetting(AutomaticMasking) | Skin.HasSetting(AutomaticMasking) + [!Player.HasVideo | !String.Contains(Player.FileName,-AR178-) + !String.Contains(Player.FileName,-AR178.) + !String.Contains(Player.FileName,-AR178_) + !String.Contains(Player.FileName,.AR178-) + !String.Contains(Player.FileName,.AR178.) + !String.Contains(Player.FileName,.AR178_) + !String.Contains(Player.FileName,_AR178-) + !String.Contains(Player.FileName,_AR178.) + !String.Contains(Player.FileName,_AR178_) + !String.Contains(Player.FileName,-AR200-) + !String.Contains(Player.FileName,-AR200.) + !String.Contains(Player.FileName,-AR200_) + !String.Contains(Player.FileName,.AR200-) + !String.Contains(Player.FileName,.AR200.) + !String.Contains(Player.FileName,.AR200_) + !String.Contains(Player.FileName,_AR200-) + !String.Contains(Player.FileName,_AR200.) + !String.Contains(Player.FileName,_AR200_) + !String.Contains(Player.FileName,-AR233-) + !String.Contains(Player.FileName,-AR233.) + !String.Contains(Player.FileName,-AR233_) + !String.Contains(Player.FileName,.AR233-) + !String.Contains(Player.FileName,.AR233.) + !String.Contains(Player.FileName,.AR233_) + !String.Contains(Player.FileName,_AR233-) + !String.Contains(Player.FileName,_AR233.) + !String.Contains(Player.FileName,_AR233_) + !String.Contains(Player.FileName,-AR235-) + !String.Contains(Player.FileName,-AR235.) + !String.Contains(Player.FileName,-AR235_) + !String.Contains(Player.FileName,.AR235-) + !String.Contains(Player.FileName,.AR235.) + !String.Contains(Player.FileName,.AR235_) + !String.Contains(Player.FileName,_AR235-) + !String.Contains(Player.FileName,_AR235.) + !String.Contains(Player.FileName,_AR235_) + !String.Contains(Player.FileName,-AR240-) + !String.Contains(Player.FileName,-AR240.) + !String.Contains(Player.FileName,-AR240_) + !String.Contains(Player.FileName,.AR240-) + !String.Contains(Player.FileName,.AR240.) + !String.Contains(Player.FileName,.AR240_) + !String.Contains(Player.FileName,_AR240-) + !String.Contains(Player.FileName,_AR240.) + !String.Contains(Player.FileName,_AR240_)]] | Skin.HasSetting(AutomaticMasking) + Player.HasVideo + [String.Contains(Player.FileName,-AR235-) | String.Contains(Player.FileName,-AR235.) | String.Contains(Player.FileName,-AR235_) | String.Contains(Player.FileName,.AR235-) | String.Contains(Player.FileName,.AR235.) | String.Contains(Player.FileName,.AR235_) | String.Contains(Player.FileName,_AR235-) | String.Contains(Player.FileName,_AR235.) | String.Contains(Player.FileName,_AR235_)]">Conditional</animation>
			<animation effect="slide" end="0,-170" time="200" condition="False + String.IsEqual(Skin.String(MaskingBars),2.33:1) + [!Skin.HasSetting(AutomaticMasking) | Skin.HasSetting(AutomaticMasking) + [!Player.HasVideo | !String.Contains(Player.FileName,-AR178-) + !String.Contains(Player.FileName,-AR178.) + !String.Contains(Player.FileName,-AR178_) + !String.Contains(Player.FileName,.AR178-) + !String.Contains(Player.FileName,.AR178.) + !String.Contains(Player.FileName,.AR178_) + !String.Contains(Player.FileName,_AR178-) + !String.Contains(Player.FileName,_AR178.) + !String.Contains(Player.FileName,_AR178_) + !String.Contains(Player.FileName,-AR200-) + !String.Contains(Player.FileName,-AR200.) + !String.Contains(Player.FileName,-AR200_) + !String.Contains(Player.FileName,.AR200-) + !String.Contains(Player.FileName,.AR200.) + !String.Contains(Player.FileName,.AR200_) + !String.Contains(Player.FileName,_AR200-) + !String.Contains(Player.FileName,_AR200.) + !String.Contains(Player.FileName,_AR200_) + !String.Contains(Player.FileName,-AR233-) + !String.Contains(Player.FileName,-AR233.) + !String.Contains(Player.FileName,-AR233_) + !String.Contains(Player.FileName,.AR233-) + !String.Contains(Player.FileName,.AR233.) + !String.Contains(Player.FileName,.AR233_) + !String.Contains(Player.FileName,_AR233-) + !String.Contains(Player.FileName,_AR233.) + !String.Contains(Player.FileName,_AR233_) + !String.Contains(Player.FileName,-AR235-) + !String.Contains(Player.FileName,-AR235.) + !String.Contains(Player.FileName,-AR235_) + !String.Contains(Player.FileName,.AR235-) + !String.Contains(Player.FileName,.AR235.) + !String.Contains(Player.FileName,.AR235_) + !String.Contains(Player.FileName,_AR235-) + !String.Contains(Player.FileName,_AR235.) + !String.Contains(Player.FileName,_AR235_) + !String.Contains(Player.FileName,-AR240-) + !String.Contains(Player.FileName,-AR240.) + !String.Contains(Player.FileName,-AR240_) + !String.Contains(Player.FileName,.AR240-) + !String.Contains(Player.FileName,.AR240.) + !String.Contains(Player.FileName,.AR240_) + !String.Contains(Player.FileName,_AR240-) + !String.Contains(Player.FileName,_AR240.) + !String.Contains(Player.FileName,_AR240_)]] | Skin.HasSetting(AutomaticMasking) + Player.HasVideo + [String.Contains(Player.FileName,-AR233-) | String.Contains(Player.FileName,-AR233.) | String.Contains(Player.FileName,-AR233_) | String.Contains(Player.FileName,.AR233-) | String.Contains(Player.FileName,.AR233.) | String.Contains(Player.FileName,.AR233_) | String.Contains(Player.FileName,_AR233-) | String.Contains(Player.FileName,_AR233.) | String.Contains(Player.FileName,_AR233_)]">Conditional</animation>
			<animation effect="slide" end="0,-80" time="200" condition="False + String.IsEqual(Skin.String(MaskingBars),2.00:1) + [!Skin.HasSetting(AutomaticMasking) | Skin.HasSetting(AutomaticMasking) + [!Player.HasVideo | !String.Contains(Player.FileName,-AR178-) + !String.Contains(Player.FileName,-AR178.) + !String.Contains(Player.FileName,-AR178_) + !String.Contains(Player.FileName,.AR178-) + !String.Contains(Player.FileName,.AR178.) + !String.Contains(Player.FileName,.AR178_) + !String.Contains(Player.FileName,_AR178-) + !String.Contains(Player.FileName,_AR178.) + !String.Contains(Player.FileName,_AR178_) + !String.Contains(Player.FileName,-AR200-) + !String.Contains(Player.FileName,-AR200.) + !String.Contains(Player.FileName,-AR200_) + !String.Contains(Player.FileName,.AR200-) + !String.Contains(Player.FileName,.AR200.) + !String.Contains(Player.FileName,.AR200_) + !String.Contains(Player.FileName,_AR200-) + !String.Contains(Player.FileName,_AR200.) + !String.Contains(Player.FileName,_AR200_) + !String.Contains(Player.FileName,-AR233-) + !String.Contains(Player.FileName,-AR233.) + !String.Contains(Player.FileName,-AR233_) + !String.Contains(Player.FileName,.AR233-) + !String.Contains(Player.FileName,.AR233.) + !String.Contains(Player.FileName,.AR233_) + !String.Contains(Player.FileName,_AR233-) + !String.Contains(Player.FileName,_AR233.) + !String.Contains(Player.FileName,_AR233_) + !String.Contains(Player.FileName,-AR235-) + !String.Contains(Player.FileName,-AR235.) + !String.Contains(Player.FileName,-AR235_) + !String.Contains(Player.FileName,.AR235-) + !String.Contains(Player.FileName,.AR235.) + !String.Contains(Player.FileName,.AR235_) + !String.Contains(Player.FileName,_AR235-) + !String.Contains(Player.FileName,_AR235.) + !String.Contains(Player.FileName,_AR235_) + !String.Contains(Player.FileName,-AR240-) + !String.Contains(Player.FileName,-AR240.) + !String.Contains(Player.FileName,-AR240_) + !String.Contains(Player.FileName,.AR240-) + !String.Contains(Player.FileName,.AR240.) + !String.Contains(Player.FileName,.AR240_) + !String.Contains(Player.FileName,_AR240-) + !String.Contains(Player.FileName,_AR240.) + !String.Contains(Player.FileName,_AR240_)]] | Skin.HasSetting(AutomaticMasking) + Player.HasVideo + [String.Contains(Player.FileName,-AR200-) | String.Contains(Player.FileName,-AR200.) | String.Contains(Player.FileName,-AR200_) | String.Contains(Player.FileName,.AR200-) | String.Contains(Player.FileName,.AR200.) | String.Contains(Player.FileName,.AR200_) | String.Contains(Player.FileName,_AR200-) | String.Contains(Player.FileName,_AR200.) | String.Contains(Player.FileName,_AR200_)]">Conditional</animation>
			<control type="image">
				<include>HomeRSS_coords</include>
				<height>37</height>
				<texture colordiffuse="$VAR[OverlayColor]">dialogs/Background.png</texture>
			</control>
			<control type="rss" id="1">
				<include>HomeRSS_coords</include>
				<height>35</height>
				<font>Font30</font>
				<textcolor>$VAR[TextColor2]</textcolor>
				<headlinecolor>$VAR[TextColor2]</headlinecolor>
				<titlecolor>$VAR[TextColor2]</titlecolor>
				<urlset>1</urlset>
			</control>
		</control>

		<include>MaskingBars</include>

	</controls>

</window>