<?xml version="1.0" encoding="UTF-8"?>
<window>
	<!-- screencalibration -->
	<defaultcontrol always="true">8</defaultcontrol>

	<controls>
		<!-- Background -->
		<include>WindowBackgroundImage</include>
		
		<!-- Scope masking bars -->
		<!-- Top bar -->
		<control type="image">
			<include>MaskingBars_coords1</include>
			<texture colordiffuse="BB000000">common/white.png</texture>
			<visible>False</visible>
			<animation effect="slide" end="0,287" time="200" condition="String.IsEqual(Skin.String(MaskingBars),1.78:1) + [!Skin.HasSetting(AutomaticMasking) | Skin.HasSetting(AutomaticMasking) + [!Player.HasVideo | !String.Contains(Player.FileName,-AR178-) + !String.Contains(Player.FileName,-AR178.) + !String.Contains(Player.FileName,-AR178_) + !String.Contains(Player.FileName,.AR178-) + !String.Contains(Player.FileName,.AR178.) + !String.Contains(Player.FileName,.AR178_) + !String.Contains(Player.FileName,_AR178-) + !String.Contains(Player.FileName,_AR178.) + !String.Contains(Player.FileName,_AR178_) + !String.Contains(Player.FileName,-AR200-) + !String.Contains(Player.FileName,-AR200.) + !String.Contains(Player.FileName,-AR200_) + !String.Contains(Player.FileName,.AR200-) + !String.Contains(Player.FileName,.AR200.) + !String.Contains(Player.FileName,.AR200_) + !String.Contains(Player.FileName,_AR200-) + !String.Contains(Player.FileName,_AR200.) + !String.Contains(Player.FileName,_AR200_) + !String.Contains(Player.FileName,-AR233-) + !String.Contains(Player.FileName,-AR233.) + !String.Contains(Player.FileName,-AR233_) + !String.Contains(Player.FileName,.AR233-) + !String.Contains(Player.FileName,.AR233.) + !String.Contains(Player.FileName,.AR233_) + !String.Contains(Player.FileName,_AR233-) + !String.Contains(Player.FileName,_AR233.) + !String.Contains(Player.FileName,_AR233_) + !String.Contains(Player.FileName,-AR235-) + !String.Contains(Player.FileName,-AR235.) + !String.Contains(Player.FileName,-AR235_) + !String.Contains(Player.FileName,.AR235-) + !String.Contains(Player.FileName,.AR235.) + !String.Contains(Player.FileName,.AR235_) + !String.Contains(Player.FileName,_AR235-) + !String.Contains(Player.FileName,_AR235.) + !String.Contains(Player.FileName,_AR235_) + !String.Contains(Player.FileName,-AR240-) + !String.Contains(Player.FileName,-AR240.) + !String.Contains(Player.FileName,-AR240_) + !String.Contains(Player.FileName,.AR240-) + !String.Contains(Player.FileName,.AR240.) + !String.Contains(Player.FileName,.AR240_) + !String.Contains(Player.FileName,_AR240-) + !String.Contains(Player.FileName,_AR240.) + !String.Contains(Player.FileName,_AR240_)]] | Skin.HasSetting(AutomaticMasking) + Player.HasVideo + [String.Contains(Player.FileName,-AR178-) | String.Contains(Player.FileName,-AR178.) | String.Contains(Player.FileName,-AR178_) | String.Contains(Player.FileName,.AR178-) | String.Contains(Player.FileName,.AR178.) | String.Contains(Player.FileName,.AR178_) | String.Contains(Player.FileName,_AR178-) | String.Contains(Player.FileName,_AR178.) | String.Contains(Player.FileName,_AR178_)]">Conditional</animation>
			<animation effect="slide" end="0,12" time="200" condition="String.IsEqual(Skin.String(MaskingBars),2.35:1) + [!Skin.HasSetting(AutomaticMasking) | Skin.HasSetting(AutomaticMasking) + [!Player.HasVideo | !String.Contains(Player.FileName,-AR178-) + !String.Contains(Player.FileName,-AR178.) + !String.Contains(Player.FileName,-AR178_) + !String.Contains(Player.FileName,.AR178-) + !String.Contains(Player.FileName,.AR178.) + !String.Contains(Player.FileName,.AR178_) + !String.Contains(Player.FileName,_AR178-) + !String.Contains(Player.FileName,_AR178.) + !String.Contains(Player.FileName,_AR178_) + !String.Contains(Player.FileName,-AR200-) + !String.Contains(Player.FileName,-AR200.) + !String.Contains(Player.FileName,-AR200_) + !String.Contains(Player.FileName,.AR200-) + !String.Contains(Player.FileName,.AR200.) + !String.Contains(Player.FileName,.AR200_) + !String.Contains(Player.FileName,_AR200-) + !String.Contains(Player.FileName,_AR200.) + !String.Contains(Player.FileName,_AR200_) + !String.Contains(Player.FileName,-AR233-) + !String.Contains(Player.FileName,-AR233.) + !String.Contains(Player.FileName,-AR233_) + !String.Contains(Player.FileName,.AR233-) + !String.Contains(Player.FileName,.AR233.) + !String.Contains(Player.FileName,.AR233_) + !String.Contains(Player.FileName,_AR233-) + !String.Contains(Player.FileName,_AR233.) + !String.Contains(Player.FileName,_AR233_) + !String.Contains(Player.FileName,-AR235-) + !String.Contains(Player.FileName,-AR235.) + !String.Contains(Player.FileName,-AR235_) + !String.Contains(Player.FileName,.AR235-) + !String.Contains(Player.FileName,.AR235.) + !String.Contains(Player.FileName,.AR235_) + !String.Contains(Player.FileName,_AR235-) + !String.Contains(Player.FileName,_AR235.) + !String.Contains(Player.FileName,_AR235_) + !String.Contains(Player.FileName,-AR240-) + !String.Contains(Player.FileName,-AR240.) + !String.Contains(Player.FileName,-AR240_) + !String.Contains(Player.FileName,.AR240-) + !String.Contains(Player.FileName,.AR240.) + !String.Contains(Player.FileName,.AR240_) + !String.Contains(Player.FileName,_AR240-) + !String.Contains(Player.FileName,_AR240.) + !String.Contains(Player.FileName,_AR240_)]] | Skin.HasSetting(AutomaticMasking) + Player.HasVideo + [String.Contains(Player.FileName,-AR235-) | String.Contains(Player.FileName,-AR235.) | String.Contains(Player.FileName,-AR235_) | String.Contains(Player.FileName,.AR235-) | String.Contains(Player.FileName,.AR235.) | String.Contains(Player.FileName,.AR235_) | String.Contains(Player.FileName,_AR235-) | String.Contains(Player.FileName,_AR235.) | String.Contains(Player.FileName,_AR235_)]">Conditional</animation>
			<animation effect="slide" end="0,17" time="200" condition="String.IsEqual(Skin.String(MaskingBars),2.33:1) + [!Skin.HasSetting(AutomaticMasking) | Skin.HasSetting(AutomaticMasking) + [!Player.HasVideo | !String.Contains(Player.FileName,-AR178-) + !String.Contains(Player.FileName,-AR178.) + !String.Contains(Player.FileName,-AR178_) + !String.Contains(Player.FileName,.AR178-) + !String.Contains(Player.FileName,.AR178.) + !String.Contains(Player.FileName,.AR178_) + !String.Contains(Player.FileName,_AR178-) + !String.Contains(Player.FileName,_AR178.) + !String.Contains(Player.FileName,_AR178_) + !String.Contains(Player.FileName,-AR200-) + !String.Contains(Player.FileName,-AR200.) + !String.Contains(Player.FileName,-AR200_) + !String.Contains(Player.FileName,.AR200-) + !String.Contains(Player.FileName,.AR200.) + !String.Contains(Player.FileName,.AR200_) + !String.Contains(Player.FileName,_AR200-) + !String.Contains(Player.FileName,_AR200.) + !String.Contains(Player.FileName,_AR200_) + !String.Contains(Player.FileName,-AR233-) + !String.Contains(Player.FileName,-AR233.) + !String.Contains(Player.FileName,-AR233_) + !String.Contains(Player.FileName,.AR233-) + !String.Contains(Player.FileName,.AR233.) + !String.Contains(Player.FileName,.AR233_) + !String.Contains(Player.FileName,_AR233-) + !String.Contains(Player.FileName,_AR233.) + !String.Contains(Player.FileName,_AR233_) + !String.Contains(Player.FileName,-AR235-) + !String.Contains(Player.FileName,-AR235.) + !String.Contains(Player.FileName,-AR235_) + !String.Contains(Player.FileName,.AR235-) + !String.Contains(Player.FileName,.AR235.) + !String.Contains(Player.FileName,.AR235_) + !String.Contains(Player.FileName,_AR235-) + !String.Contains(Player.FileName,_AR235.) + !String.Contains(Player.FileName,_AR235_) + !String.Contains(Player.FileName,-AR240-) + !String.Contains(Player.FileName,-AR240.) + !String.Contains(Player.FileName,-AR240_) + !String.Contains(Player.FileName,.AR240-) + !String.Contains(Player.FileName,.AR240.) + !String.Contains(Player.FileName,.AR240_) + !String.Contains(Player.FileName,_AR240-) + !String.Contains(Player.FileName,_AR240.) + !String.Contains(Player.FileName,_AR240_)]] | Skin.HasSetting(AutomaticMasking) + Player.HasVideo + [String.Contains(Player.FileName,-AR233-) | String.Contains(Player.FileName,-AR233.) | String.Contains(Player.FileName,-AR233_) | String.Contains(Player.FileName,.AR233-) | String.Contains(Player.FileName,.AR233.) | String.Contains(Player.FileName,.AR233_) | String.Contains(Player.FileName,_AR233-) | String.Contains(Player.FileName,_AR233.) | String.Contains(Player.FileName,_AR233_)]">Conditional</animation>
			<animation effect="slide" end="0,107" time="200" condition="String.IsEqual(Skin.String(MaskingBars),2.00:1) + [!Skin.HasSetting(AutomaticMasking) | Skin.HasSetting(AutomaticMasking) + [!Player.HasVideo | !String.Contains(Player.FileName,-AR178-) + !String.Contains(Player.FileName,-AR178.) + !String.Contains(Player.FileName,-AR178_) + !String.Contains(Player.FileName,.AR178-) + !String.Contains(Player.FileName,.AR178.) + !String.Contains(Player.FileName,.AR178_) + !String.Contains(Player.FileName,_AR178-) + !String.Contains(Player.FileName,_AR178.) + !String.Contains(Player.FileName,_AR178_) + !String.Contains(Player.FileName,-AR200-) + !String.Contains(Player.FileName,-AR200.) + !String.Contains(Player.FileName,-AR200_) + !String.Contains(Player.FileName,.AR200-) + !String.Contains(Player.FileName,.AR200.) + !String.Contains(Player.FileName,.AR200_) + !String.Contains(Player.FileName,_AR200-) + !String.Contains(Player.FileName,_AR200.) + !String.Contains(Player.FileName,_AR200_) + !String.Contains(Player.FileName,-AR233-) + !String.Contains(Player.FileName,-AR233.) + !String.Contains(Player.FileName,-AR233_) + !String.Contains(Player.FileName,.AR233-) + !String.Contains(Player.FileName,.AR233.) + !String.Contains(Player.FileName,.AR233_) + !String.Contains(Player.FileName,_AR233-) + !String.Contains(Player.FileName,_AR233.) + !String.Contains(Player.FileName,_AR233_) + !String.Contains(Player.FileName,-AR235-) + !String.Contains(Player.FileName,-AR235.) + !String.Contains(Player.FileName,-AR235_) + !String.Contains(Player.FileName,.AR235-) + !String.Contains(Player.FileName,.AR235.) + !String.Contains(Player.FileName,.AR235_) + !String.Contains(Player.FileName,_AR235-) + !String.Contains(Player.FileName,_AR235.) + !String.Contains(Player.FileName,_AR235_) + !String.Contains(Player.FileName,-AR240-) + !String.Contains(Player.FileName,-AR240.) + !String.Contains(Player.FileName,-AR240_) + !String.Contains(Player.FileName,.AR240-) + !String.Contains(Player.FileName,.AR240.) + !String.Contains(Player.FileName,.AR240_) + !String.Contains(Player.FileName,_AR240-) + !String.Contains(Player.FileName,_AR240.) + !String.Contains(Player.FileName,_AR240_)]] | Skin.HasSetting(AutomaticMasking) + Player.HasVideo + [String.Contains(Player.FileName,-AR200-) | String.Contains(Player.FileName,-AR200.) | String.Contains(Player.FileName,-AR200_) | String.Contains(Player.FileName,.AR200-) | String.Contains(Player.FileName,.AR200.) | String.Contains(Player.FileName,.AR200_) | String.Contains(Player.FileName,_AR200-) | String.Contains(Player.FileName,_AR200.) | String.Contains(Player.FileName,_AR200_)]">Conditional</animation>
			<include>WindowDepth</include>
		</control>
		<!-- Bottom bar -->
		<control type="image">
			<include>MaskingBars_coords2</include>
			<texture colordiffuse="BB000000">common/white.png</texture>
			<visible>False</visible>
			<animation effect="slide" end="0,-287" time="200" condition="String.IsEqual(Skin.String(MaskingBars),1.78:1) + [!Skin.HasSetting(AutomaticMasking) | Skin.HasSetting(AutomaticMasking) + [!Player.HasVideo | !String.Contains(Player.FileName,-AR178-) + !String.Contains(Player.FileName,-AR178.) + !String.Contains(Player.FileName,-AR178_) + !String.Contains(Player.FileName,.AR178-) + !String.Contains(Player.FileName,.AR178.) + !String.Contains(Player.FileName,.AR178_) + !String.Contains(Player.FileName,_AR178-) + !String.Contains(Player.FileName,_AR178.) + !String.Contains(Player.FileName,_AR178_) + !String.Contains(Player.FileName,-AR200-) + !String.Contains(Player.FileName,-AR200.) + !String.Contains(Player.FileName,-AR200_) + !String.Contains(Player.FileName,.AR200-) + !String.Contains(Player.FileName,.AR200.) + !String.Contains(Player.FileName,.AR200_) + !String.Contains(Player.FileName,_AR200-) + !String.Contains(Player.FileName,_AR200.) + !String.Contains(Player.FileName,_AR200_) + !String.Contains(Player.FileName,-AR233-) + !String.Contains(Player.FileName,-AR233.) + !String.Contains(Player.FileName,-AR233_) + !String.Contains(Player.FileName,.AR233-) + !String.Contains(Player.FileName,.AR233.) + !String.Contains(Player.FileName,.AR233_) + !String.Contains(Player.FileName,_AR233-) + !String.Contains(Player.FileName,_AR233.) + !String.Contains(Player.FileName,_AR233_) + !String.Contains(Player.FileName,-AR235-) + !String.Contains(Player.FileName,-AR235.) + !String.Contains(Player.FileName,-AR235_) + !String.Contains(Player.FileName,.AR235-) + !String.Contains(Player.FileName,.AR235.) + !String.Contains(Player.FileName,.AR235_) + !String.Contains(Player.FileName,_AR235-) + !String.Contains(Player.FileName,_AR235.) + !String.Contains(Player.FileName,_AR235_) + !String.Contains(Player.FileName,-AR240-) + !String.Contains(Player.FileName,-AR240.) + !String.Contains(Player.FileName,-AR240_) + !String.Contains(Player.FileName,.AR240-) + !String.Contains(Player.FileName,.AR240.) + !String.Contains(Player.FileName,.AR240_) + !String.Contains(Player.FileName,_AR240-) + !String.Contains(Player.FileName,_AR240.) + !String.Contains(Player.FileName,_AR240_)]] | Skin.HasSetting(AutomaticMasking) + Player.HasVideo + [String.Contains(Player.FileName,-AR178-) | String.Contains(Player.FileName,-AR178.) | String.Contains(Player.FileName,-AR178_) | String.Contains(Player.FileName,.AR178-) | String.Contains(Player.FileName,.AR178.) | String.Contains(Player.FileName,.AR178_) | String.Contains(Player.FileName,_AR178-) | String.Contains(Player.FileName,_AR178.) | String.Contains(Player.FileName,_AR178_)]">Conditional</animation>
			<animation effect="slide" end="0,-12" time="200" condition="String.IsEqual(Skin.String(MaskingBars),2.35:1) + [!Skin.HasSetting(AutomaticMasking) | Skin.HasSetting(AutomaticMasking) + [!Player.HasVideo | !String.Contains(Player.FileName,-AR178-) + !String.Contains(Player.FileName,-AR178.) + !String.Contains(Player.FileName,-AR178_) + !String.Contains(Player.FileName,.AR178-) + !String.Contains(Player.FileName,.AR178.) + !String.Contains(Player.FileName,.AR178_) + !String.Contains(Player.FileName,_AR178-) + !String.Contains(Player.FileName,_AR178.) + !String.Contains(Player.FileName,_AR178_) + !String.Contains(Player.FileName,-AR200-) + !String.Contains(Player.FileName,-AR200.) + !String.Contains(Player.FileName,-AR200_) + !String.Contains(Player.FileName,.AR200-) + !String.Contains(Player.FileName,.AR200.) + !String.Contains(Player.FileName,.AR200_) + !String.Contains(Player.FileName,_AR200-) + !String.Contains(Player.FileName,_AR200.) + !String.Contains(Player.FileName,_AR200_) + !String.Contains(Player.FileName,-AR233-) + !String.Contains(Player.FileName,-AR233.) + !String.Contains(Player.FileName,-AR233_) + !String.Contains(Player.FileName,.AR233-) + !String.Contains(Player.FileName,.AR233.) + !String.Contains(Player.FileName,.AR233_) + !String.Contains(Player.FileName,_AR233-) + !String.Contains(Player.FileName,_AR233.) + !String.Contains(Player.FileName,_AR233_) + !String.Contains(Player.FileName,-AR235-) + !String.Contains(Player.FileName,-AR235.) + !String.Contains(Player.FileName,-AR235_) + !String.Contains(Player.FileName,.AR235-) + !String.Contains(Player.FileName,.AR235.) + !String.Contains(Player.FileName,.AR235_) + !String.Contains(Player.FileName,_AR235-) + !String.Contains(Player.FileName,_AR235.) + !String.Contains(Player.FileName,_AR235_) + !String.Contains(Player.FileName,-AR240-) + !String.Contains(Player.FileName,-AR240.) + !String.Contains(Player.FileName,-AR240_) + !String.Contains(Player.FileName,.AR240-) + !String.Contains(Player.FileName,.AR240.) + !String.Contains(Player.FileName,.AR240_) + !String.Contains(Player.FileName,_AR240-) + !String.Contains(Player.FileName,_AR240.) + !String.Contains(Player.FileName,_AR240_)]] | Skin.HasSetting(AutomaticMasking) + Player.HasVideo + [String.Contains(Player.FileName,-AR235-) | String.Contains(Player.FileName,-AR235.) | String.Contains(Player.FileName,-AR235_) | String.Contains(Player.FileName,.AR235-) | String.Contains(Player.FileName,.AR235.) | String.Contains(Player.FileName,.AR235_) | String.Contains(Player.FileName,_AR235-) | String.Contains(Player.FileName,_AR235.) | String.Contains(Player.FileName,_AR235_)]">Conditional</animation>
			<animation effect="slide" end="0,-17" time="200" condition="String.IsEqual(Skin.String(MaskingBars),2.33:1) + [!Skin.HasSetting(AutomaticMasking) | Skin.HasSetting(AutomaticMasking) + [!Player.HasVideo | !String.Contains(Player.FileName,-AR178-) + !String.Contains(Player.FileName,-AR178.) + !String.Contains(Player.FileName,-AR178_) + !String.Contains(Player.FileName,.AR178-) + !String.Contains(Player.FileName,.AR178.) + !String.Contains(Player.FileName,.AR178_) + !String.Contains(Player.FileName,_AR178-) + !String.Contains(Player.FileName,_AR178.) + !String.Contains(Player.FileName,_AR178_) + !String.Contains(Player.FileName,-AR200-) + !String.Contains(Player.FileName,-AR200.) + !String.Contains(Player.FileName,-AR200_) + !String.Contains(Player.FileName,.AR200-) + !String.Contains(Player.FileName,.AR200.) + !String.Contains(Player.FileName,.AR200_) + !String.Contains(Player.FileName,_AR200-) + !String.Contains(Player.FileName,_AR200.) + !String.Contains(Player.FileName,_AR200_) + !String.Contains(Player.FileName,-AR233-) + !String.Contains(Player.FileName,-AR233.) + !String.Contains(Player.FileName,-AR233_) + !String.Contains(Player.FileName,.AR233-) + !String.Contains(Player.FileName,.AR233.) + !String.Contains(Player.FileName,.AR233_) + !String.Contains(Player.FileName,_AR233-) + !String.Contains(Player.FileName,_AR233.) + !String.Contains(Player.FileName,_AR233_) + !String.Contains(Player.FileName,-AR235-) + !String.Contains(Player.FileName,-AR235.) + !String.Contains(Player.FileName,-AR235_) + !String.Contains(Player.FileName,.AR235-) + !String.Contains(Player.FileName,.AR235.) + !String.Contains(Player.FileName,.AR235_) + !String.Contains(Player.FileName,_AR235-) + !String.Contains(Player.FileName,_AR235.) + !String.Contains(Player.FileName,_AR235_) + !String.Contains(Player.FileName,-AR240-) + !String.Contains(Player.FileName,-AR240.) + !String.Contains(Player.FileName,-AR240_) + !String.Contains(Player.FileName,.AR240-) + !String.Contains(Player.FileName,.AR240.) + !String.Contains(Player.FileName,.AR240_) + !String.Contains(Player.FileName,_AR240-) + !String.Contains(Player.FileName,_AR240.) + !String.Contains(Player.FileName,_AR240_)]] | Skin.HasSetting(AutomaticMasking) + Player.HasVideo + [String.Contains(Player.FileName,-AR233-) | String.Contains(Player.FileName,-AR233.) | String.Contains(Player.FileName,-AR233_) | String.Contains(Player.FileName,.AR233-) | String.Contains(Player.FileName,.AR233.) | String.Contains(Player.FileName,.AR233_) | String.Contains(Player.FileName,_AR233-) | String.Contains(Player.FileName,_AR233.) | String.Contains(Player.FileName,_AR233_)]">Conditional</animation>
			<animation effect="slide" end="0,-107" time="200" condition="String.IsEqual(Skin.String(MaskingBars),2.00:1) + [!Skin.HasSetting(AutomaticMasking) | Skin.HasSetting(AutomaticMasking) + [!Player.HasVideo | !String.Contains(Player.Filename,-AR178-) + !String.Contains(Player.Filename,-AR178.) + !String.Contains(Player.Filename,-AR178_) + !String.Contains(Player.Filename,.AR178-) + !String.Contains(Player.Filename,.AR178.) + !String.Contains(Player.Filename,.AR178_) + !String.Contains(Player.Filename,_AR178-) + !String.Contains(Player.Filename,_AR178.) + !String.Contains(Player.Filename,_AR178_) + !String.Contains(Player.Filename,-AR200-) + !String.Contains(Player.Filename,-AR200.) + !String.Contains(Player.Filename,-AR200_) + !String.Contains(Player.Filename,.AR200-) + !String.Contains(Player.Filename,.AR200.) + !String.Contains(Player.Filename,.AR200_) + !String.Contains(Player.Filename,_AR200-) + !String.Contains(Player.Filename,_AR200.) + !String.Contains(Player.Filename,_AR200_) + !String.Contains(Player.Filename,-AR233-) + !String.Contains(Player.Filename,-AR233.) + !String.Contains(Player.Filename,-AR233_) + !String.Contains(Player.Filename,.AR233-) + !String.Contains(Player.Filename,.AR233.) + !String.Contains(Player.Filename,.AR233_) + !String.Contains(Player.Filename,_AR233-) + !String.Contains(Player.Filename,_AR233.) + !String.Contains(Player.Filename,_AR233_) + !String.Contains(Player.Filename,-AR235-) + !String.Contains(Player.Filename,-AR235.) + !String.Contains(Player.Filename,-AR235_) + !String.Contains(Player.Filename,.AR235-) + !String.Contains(Player.Filename,.AR235.) + !String.Contains(Player.Filename,.AR235_) + !String.Contains(Player.Filename,_AR235-) + !String.Contains(Player.Filename,_AR235.) + !String.Contains(Player.Filename,_AR235_) + !String.Contains(Player.Filename,-AR240-) + !String.Contains(Player.Filename,-AR240.) + !String.Contains(Player.Filename,-AR240_) + !String.Contains(Player.Filename,.AR240-) + !String.Contains(Player.Filename,.AR240.) + !String.Contains(Player.Filename,.AR240_) + !String.Contains(Player.Filename,_AR240-) + !String.Contains(Player.Filename,_AR240.) + !String.Contains(Player.Filename,_AR240_)]] | Skin.HasSetting(AutomaticMasking) + Player.HasVideo + [String.Contains(Player.Filename,-AR200-) | String.Contains(Player.Filename,-AR200.) | String.Contains(Player.Filename,-AR200_) | String.Contains(Player.Filename,.AR200-) | String.Contains(Player.Filename,.AR200.) | String.Contains(Player.Filename,.AR200_) | String.Contains(Player.Filename,_AR200-) | String.Contains(Player.Filename,_AR200.) | String.Contains(Player.Filename,_AR200_)]">Conditional</animation>
			<include>WindowDepth</include>
		</control>

		<!-- Top left mover -->
		<control type="mover" id="8">
			<width>44</width>
			<height>42</height>
			<texturefocus colordiffuse="$VAR[TextColor1]">calibrate/CalibrateTopLeftFO.png</texturefocus>
			<texturenofocus colordiffuse="$VAR[TextColor2]">calibrate/CalibrateTopLeftFO.png</texturenofocus>
		</control>

		<!-- Bottom right mover -->
		<control type="mover" id="9">
			<width>44</width>
			<height>42</height>
			<texturefocus colordiffuse="$VAR[TextColor1]">calibrate/CalibrateBottomRightFO.png</texturefocus>
			<texturenofocus colordiffuse="$VAR[TextColor2]">calibrate/CalibrateBottomRightFO.png</texturenofocus>
		</control>

		<!-- Subtitle position mover -->
		<control type="mover" id="10">
			<width>384</width>
			<height>128</height>
			<texturefocus colordiffuse="$VAR[TextColor1]">calibrate/CalibrateSubTitlesFO.png</texturefocus>
			<texturenofocus colordiffuse="$VAR[TextColor2]">calibrate/CalibrateSubTitlesFO.png</texturenofocus>
		</control>

		<!-- Pixel aspect ratio box -->
		<control type="resize" id="11">
			<width>128</width>
			<height>128</height>
			<texturefocus colordiffuse="$VAR[TextColor1]">calibrate/CalibratePixelRatioFO.png</texturefocus>
			<texturenofocus colordiffuse="$VAR[TextColor2]">calibrate/CalibratePixelRatioFO.png</texturenofocus>
		</control>

		<!-- Coordinates label -->
		<control type="label" id="2">
			<top>60</top>
			<width>1920</width>
			<height>36</height>
			<align>center</align>
			<textcolor>$VAR[TextColor1]</textcolor>
		</control>

		<!-- Help information -->
		<control type="label" id="3">
			<top>140</top>
			<width>1920</width>
			<height>36</height>
			<align>center</align>
			<textcolor>$VAR[TextColor1]</textcolor>
		</control>

	</controls>

</window>