<?xml version="1.0" encoding="UTF-8"?>
<includes>

	<!-- Skin Settings - Weather Art -->
	<variable name="weather-icons">
		<value condition="!String.IsEmpty(Skin.String(weatherIcons.name))">$INFO[Skin.String(weatherIcons.name)]</value>
		<value>$LOCALIZE[571]</value>
	</variable>
	<variable name="weather-fanart">
		<value condition="!String.IsEmpty(Skin.String(weatherFanart.name))">$INFO[Skin.String(weatherFanart.name)]</value>
		<value>$LOCALIZE[231]</value>
	</variable>

	<!-- Skin Settings - Addons -->
	<variable name="addon-skinshortcuts">
		<value condition="System.HasAddon(script.skinshortcuts) + System.AddonIsEnabled(script.skinshortcuts)">[COLOR lightgreen]v$INFO[System.AddonVersion(script.skinshortcuts)] $LOCALIZE[31093][/COLOR]</value>
		<value condition="System.HasAddon(script.skinshortcuts) + !System.AddonIsEnabled(script.skinshortcuts)">[COLOR orange]$LOCALIZE[31119][/COLOR]</value>
		<value>[COLOR red]$LOCALIZE[31092][/COLOR]</value>
	</variable>
	<variable name="addon-skinhelper">
		<value condition="System.HasAddon(script.skin.helper.service) + System.AddonIsEnabled(script.skin.helper.service)">[COLOR lightgreen]v$INFO[System.AddonVersion(script.skin.helper.service)] $LOCALIZE[31093][/COLOR]</value>
		<value condition="System.HasAddon(script.skin.helper.service) + !System.AddonIsEnabled(script.skin.helper.service)">[COLOR orange]$LOCALIZE[31119][/COLOR]</value>
		<value>[COLOR red]$LOCALIZE[31092][/COLOR]</value>
	</variable>
	<variable name="addon-skinhelperbackgrounds">
		<value condition="System.HasAddon(script.skin.helper.backgrounds) + System.AddonIsEnabled(script.skin.helper.backgrounds)">[COLOR lightgreen]v$INFO[System.AddonVersion(script.skin.helper.backgrounds)] $LOCALIZE[31093][/COLOR]</value>
		<value condition="System.HasAddon(script.skin.helper.backgrounds) + !System.AddonIsEnabled(script.skin.helper.backgrounds)">[COLOR orange]$LOCALIZE[31119][/COLOR]</value>
		<value>[COLOR red]$LOCALIZE[31092][/COLOR]</value>
	</variable>
	<variable name="addon-skinhelperwidgets">
		<value condition="System.HasAddon(script.skin.helper.widgets) + System.AddonIsEnabled(script.skin.helper.widget)">[COLOR lightgreen]v$INFO[System.AddonVersion(script.skin.helper.widgets)] $LOCALIZE[31093][/COLOR]</value>
		<value condition="System.HasAddon(script.skin.helper.widgets) + !System.AddonIsEnabled(script.skin.helper.widget)">[COLOR orange]$LOCALIZE[31119][/COLOR]</value>
		<value>[COLOR red]$LOCALIZE[31092][/COLOR]</value>
	</variable>
	<variable name="addon-skinhelpercolorpicker">
		<value condition="System.HasAddon(script.skin.helper.colorpicker) + System.AddonIsEnabled(script.skin.helper.colorpicker)">[COLOR lightgreen]v$INFO[System.AddonVersion(script.skin.helper.colorpicker)] $LOCALIZE[31093][/COLOR]</value>
		<value condition="System.HasAddon(script.skin.helper.colorpicker) + !System.AddonIsEnabled(script.skin.helper.colorpicker)">[COLOR orange]$LOCALIZE[31119][/COLOR]</value>
		<value>[COLOR red]$LOCALIZE[31092][/COLOR]</value>
	</variable>
	<variable name="addon-skinhelperbackup">
		<value condition="System.HasAddon(script.skin.helper.skinbackup) + System.AddonIsEnabled(script.skin.helper.skinbackup)">[COLOR lightgreen]v$INFO[System.AddonVersion(script.skin.helper.skinbackup)] $LOCALIZE[31093][/COLOR]</value>
		<value condition="System.HasAddon(script.skin.helper.skinbackup) + !System.AddonIsEnabled(script.skin.helper.skinbackup)">[COLOR orange]$LOCALIZE[31119][/COLOR]</value>
		<value>[COLOR red]$LOCALIZE[31092][/COLOR]</value>
	</variable>
	<variable name="addon-autocompletion">
		<value condition="System.HasAddon(plugin.program.autocompletion) + System.AddonIsEnabled(plugin.program.autocompletion)">[COLOR lightgreen]v$INFO[System.AddonVersion(plugin.program.autocompletion)] $LOCALIZE[31093][/COLOR]</value>
		<value condition="System.HasAddon(plugin.program.autocompletion) + !System.AddonIsEnabled(plugin.program.autocompletion)">[COLOR orange]$LOCALIZE[31119][/COLOR]</value>
		<value>[COLOR red]$LOCALIZE[31092][/COLOR]</value>
	</variable>
	<variable name="addon-librarynodeeditor">
		<value condition="System.HasAddon(plugin.library.node.editor) + System.AddonIsEnabled(plugin.library.node.editor)">[COLOR lightgreen]v$INFO[System.AddonVersion(plugin.library.node.editor)] $LOCALIZE[31093][/COLOR]</value>
		<value condition="System.HasAddon(plugin.library.node.editor) + !System.AddonIsEnabled(plugin.library.node.editor)">[COLOR orange]$LOCALIZE[31119][/COLOR]</value>
		<value>[COLOR red]$LOCALIZE[31092][/COLOR]</value>
	</variable>
	<variable name="addon-imageselect">
		<value condition="System.HasAddon(script.image.resource.select) + System.AddonIsEnabled(script.image.resource.select)">[COLOR lightgreen]v$INFO[System.AddonVersion(script.image.resource.select)] $LOCALIZE[31093][/COLOR]</value>
		<value condition="System.HasAddon(script.image.resource.select) + !System.AddonIsEnabled(script.image.resource.select)">[COLOR orange]$LOCALIZE[31119][/COLOR]</value>
		<value>[COLOR red]$LOCALIZE[31092][/COLOR]</value>
	</variable>
	<variable name="addon-upnext">
		<value condition="System.HasAddon(service.upnext) + System.AddonIsEnabled(service.upnext)">[COLOR lightgreen]v$INFO[System.AddonVersion(service.upnext)] $LOCALIZE[31093][/COLOR]</value>
		<value condition="System.HasAddon(service.upnext) + !System.AddonIsEnabled(service.upnext)">[COLOR orange]$LOCALIZE[31119][/COLOR]</value>
		<value>[COLOR red]$LOCALIZE[31092][/COLOR]</value>
	</variable>
	<variable name="addon-artistslideshow">
		<value condition="System.HasAddon(script.artistslideshow) + System.AddonIsEnabled(script.artistslideshow)">[COLOR lightgreen]v$INFO[System.AddonVersion(script.artistslideshow)] $LOCALIZE[31093][/COLOR]</value>
		<value condition="System.HasAddon(script.artistslideshow) + !System.AddonIsEnabled(script.artistslideshow)">[COLOR orange]$LOCALIZE[31119][/COLOR]</value>
		<value>[COLOR red]$LOCALIZE[31092][/COLOR]</value>
	</variable>

	<!-- Skin settings explanation -->
	<variable name="SkinSettingsExplanation">
		<value condition="Container(9000).HasFocus(1) + !ControlGroup(10000).HasFocus">$LOCALIZE[31098]</value>
		<value condition="Control.HasFocus(101)">$LOCALIZE[31140]</value>
		<value condition="Control.HasFocus(102)">$LOCALIZE[31267]</value>
		<value condition="Control.HasFocus(103) + Skin.HasSetting(AlwaysShowSettingsLink)">[B]$LOCALIZE[31051][/B]</value>
		<value condition="Control.HasFocus(103) + !Skin.HasSetting(AlwaysShowSettingsLink)">$LOCALIZE[31268]</value>
		<value condition="Control.HasFocus(104)">$LOCALIZE[31269]</value>
		<value condition="Control.HasFocus(105)">$LOCALIZE[31270]</value>
		<value condition="Control.HasFocus(106)">$LOCALIZE[31402]</value>
		<value condition="Container(9000).HasFocus(2) + !ControlGroup(10000).HasFocus">$LOCALIZE[31271]</value>
		<value condition="Control.HasFocus(201)">$LOCALIZE[31272]</value>
		<value condition="Control.HasFocus(202)">$LOCALIZE[31273]</value>
		<value condition="Control.HasFocus(203)">$LOCALIZE[31274]</value>
		<value condition="Control.HasFocus(204)">$LOCALIZE[31275]</value>
		<value condition="Control.HasFocus(205)">$LOCALIZE[31276]</value>
		<value condition="Control.HasFocus(206)">$LOCALIZE[31277]</value>
		<value condition="Control.HasFocus(207)">$LOCALIZE[31278]</value>
		<value condition="Control.HasFocus(208)">$LOCALIZE[31279]</value>
		<value condition="Control.HasFocus(209)">$LOCALIZE[31280]</value>
		<value condition="Control.HasFocus(210)">$LOCALIZE[31281]</value>
		<value condition="Control.HasFocus(211)">$LOCALIZE[31282]</value>
		<value condition="Control.HasFocus(212)">$LOCALIZE[31283]</value>
		<value condition="Control.HasFocus(213)">$LOCALIZE[31284]</value>
		<value condition="Control.HasFocus(214)">$LOCALIZE[31285]</value>
		<value condition="Control.HasFocus(215)">$LOCALIZE[31286]</value>
		<value condition="Control.HasFocus(216)">$LOCALIZE[31287]</value>
		<value condition="Container(9000).HasFocus(3) + !ControlGroup(10000).HasFocus">$LOCALIZE[31288]</value>
		<value condition="Control.HasFocus(301)">$LOCALIZE[31289]</value>
		<value condition="Control.HasFocus(302)">$LOCALIZE[31290]</value>
		<value condition="Control.HasFocus(303)">$LOCALIZE[31291]</value>
		<value condition="Control.HasFocus(304)">$LOCALIZE[31292]</value>
		<value condition="Control.HasFocus(305)">$LOCALIZE[31293]</value>
		<value condition="Control.HasFocus(306)">$LOCALIZE[31294]</value>
		<value condition="Control.HasFocus(308)">$LOCALIZE[31295]</value>
		<value condition="Control.HasFocus(310)">$LOCALIZE[31296]</value>
		<value condition="Control.HasFocus(312)">$LOCALIZE[31297]</value>
		<value condition="Control.HasFocus(314)">$LOCALIZE[31298]</value>
		<value condition="Control.HasFocus(316)">$LOCALIZE[31299]</value>
		<value condition="Control.HasFocus(318)">$LOCALIZE[31300]</value>
		<value condition="Container(9000).HasFocus(4) + !ControlGroup(10000).HasFocus">$LOCALIZE[31301]</value>
		<value condition="Control.HasFocus(402)">$LOCALIZE[31302]</value>
		<value condition="Control.HasFocus(403)">$LOCALIZE[31303]</value>
		<value condition="Control.HasFocus(404)">$LOCALIZE[31304]</value>
		<value condition="Control.HasFocus(405)">$LOCALIZE[31305]</value>
		<value condition="Control.HasFocus(406)">$LOCALIZE[31306]</value>
		<value condition="Control.HasFocus(407)">$LOCALIZE[31307]</value>
		<value condition="Control.HasFocus(408)">$LOCALIZE[31308]</value>
		<value condition="Control.HasFocus(409)">$LOCALIZE[31309]</value>
		<value condition="Control.HasFocus(410)">$LOCALIZE[31310]</value>
		<value condition="Control.HasFocus(411)">$LOCALIZE[31311]</value>
		<value condition="Control.HasFocus(412)">$LOCALIZE[31312]</value>
		<value condition="Control.HasFocus(413)">$LOCALIZE[31313]</value>
		<value condition="Control.HasFocus(414)">$LOCALIZE[31314]</value>
		<value condition="Control.HasFocus(415)">$LOCALIZE[31315]</value>
		<value condition="Control.HasFocus(418)">$LOCALIZE[31316]</value>
		<value condition="Control.HasFocus(419)">$LOCALIZE[31317]</value>
		<value condition="Control.HasFocus(420)">$LOCALIZE[31318]</value>
		<value condition="Container(9000).HasFocus(5) + !ControlGroup(10000).HasFocus">$LOCALIZE[31320]</value>
		<value condition="Control.HasFocus(501)">$LOCALIZE[31321]</value>
		<value condition="Control.HasFocus(502)">$LOCALIZE[31322]</value>
		<value condition="Container(9000).HasFocus(6) + !ControlGroup(10000).HasFocus">$LOCALIZE[31323]</value>
		<value condition="Control.HasFocus(602)">$LOCALIZE[31324]</value>
		<value condition="Control.HasFocus(603)">$LOCALIZE[31325]</value>
		<value condition="Control.HasFocus(604)">$LOCALIZE[31326]</value>
		<value condition="Control.HasFocus(607)">$LOCALIZE[31327]</value>
		<value condition="Control.HasFocus(608)">$LOCALIZE[31328]</value>
		<value condition="Control.HasFocus(609)">$LOCALIZE[31329]</value>
		<value condition="Control.HasFocus(610)">$LOCALIZE[31330]</value>
		<value condition="Control.HasFocus(611)">$LOCALIZE[31331]</value>
		<value condition="Control.HasFocus(612)">$LOCALIZE[31332]</value>
		<value condition="Control.HasFocus(613)">$LOCALIZE[31391]</value>
		<value condition="Control.HasFocus(614)">$LOCALIZE[31411]</value>
		<value condition="Control.HasFocus(615)">$LOCALIZE[31412]</value>
		<value condition="Control.HasFocus(618)">$LOCALIZE[31333]$LOCALIZE[551], $LOCALIZE[561], $LOCALIZE[558], $LOCALIZE[557], $LOCALIZE[556], $LOCALIZE[563], $LOCALIZE[566]</value>
		<value condition="Control.HasFocus(619)">$LOCALIZE[31334]</value>
		<value condition="Control.HasFocus(620)">$LOCALIZE[31335]</value>
		<value condition="Control.HasFocus(621)">$LOCALIZE[31336]</value>
		<value condition="Control.HasFocus(622)">$LOCALIZE[31337]</value>
		<value condition="Container(9000).HasFocus(7) + !ControlGroup(10000).HasFocus">$LOCALIZE[31338]</value>
		<value condition="Control.HasFocus(702)">$LOCALIZE[31339]</value>
		<value condition="Control.HasFocus(703)">$LOCALIZE[31340]</value>
		<value condition="Control.HasFocus(704)">$LOCALIZE[31341]</value>
		<value condition="Control.HasFocus(705)">$LOCALIZE[31407]</value>
		<value condition="Control.HasFocus(706)">$LOCALIZE[31342]</value>
		<value condition="Control.HasFocus(709)">$LOCALIZE[31343]</value>
		<value condition="Control.HasFocus(710)">$LOCALIZE[31408]</value>
		<value condition="Control.HasFocus(711)">$LOCALIZE[31344]</value>
		<value condition="Control.HasFocus(712)">$LOCALIZE[31393]</value>
		<value condition="Control.HasFocus(713)">$LOCALIZE[31345]</value>
		<value condition="Container(9000).HasFocus(8) + !ControlGroup(10000).HasFocus">$LOCALIZE[31346]</value>
		<value condition="Control.HasFocus(801)">$LOCALIZE[31347]</value>
		<value condition="Control.HasFocus(802)">$LOCALIZE[31348]</value>
		<value condition="Control.HasFocus(803)">$LOCALIZE[31349]</value>
		<value condition="Control.HasFocus(804)">$LOCALIZE[31350]</value>
		<value condition="Control.HasFocus(805)">$LOCALIZE[31351]</value>
		<value condition="Control.HasFocus(806)">$LOCALIZE[31352]</value>
	</variable>
	
	<!-- Skin Shortcuts explanation -->
	<variable name="SkinShortcutsExplanation1">
		<value condition="[Control.HasFocus(304) | Control.HasFocus(303)] + ![ControlGroup(9000).HasFocus | ControlGroup(9001).HasFocus]">$LOCALIZE[31353]</value>
		<value condition="String.IsEqual(Window.Property(groupname),mainmenu) + Control.HasFocus(401)">$LOCALIZE[31354]</value>
		<value condition="String.IsEqual(Window.Property(groupname),mainmenu) + Control.HasFocus(305)">$LOCALIZE[31355]</value>
		<value condition="String.IsEqual(Window.Property(groupname),mainmenu) + Control.HasFocus(307)">$LOCALIZE[31356]</value>
		<value condition="String.IsEqual(Window.Property(groupname),mainmenu) + Control.HasFocus(310)">$LOCALIZE[31357]</value>
		<value condition="String.IsEqual(Window.Property(groupname),mainmenu) + Control.HasFocus(210)">$LOCALIZE[31358]</value>
		<value condition="String.IsEqual(Window.Property(groupname),mainmenu) + Control.HasFocus(405)">$LOCALIZE[31359]</value>
		<value condition="String.IsEqual(Window.Property(groupname),mainmenu) + Control.HasFocus(406)">$LOCALIZE[31360]</value>
		<value condition="String.IsEqual(Window.Property(groupname),mainmenu) + Control.HasFocus(313)">$LOCALIZE[31361]</value>
		<value condition="String.IsEqual(Window.Property(groupname),mainmenu) + Control.HasFocus(302)">$LOCALIZE[31362]</value>
		<value condition="String.IsEqual(Window.Property(groupname),mainmenu) + Control.HasFocus(301)">$LOCALIZE[31378]</value>
		<value condition="String.IsEqual(Window.Property(groupname),mainmenu) + Control.HasFocus(308)">$LOCALIZE[31381]</value>
		<value condition="!String.IsEqual(Window.Property(groupname),mainmenu) + !String.EndsWith(Window.Property(groupname),.1) + Control.HasFocus(401)">$LOCALIZE[31363]</value>
		<value condition="!String.IsEqual(Window.Property(groupname),mainmenu) + !String.EndsWith(Window.Property(groupname),.1) + Control.HasFocus(305)">$LOCALIZE[31364]</value>
		<value condition="!String.IsEqual(Window.Property(groupname),mainmenu) + !String.EndsWith(Window.Property(groupname),.1) + Control.HasFocus(307)">$LOCALIZE[31365]</value>
		<value condition="!String.IsEqual(Window.Property(groupname),mainmenu) + !String.EndsWith(Window.Property(groupname),.1) + Control.HasFocus(313)">$LOCALIZE[31366]</value>
		<value condition="!String.IsEqual(Window.Property(groupname),mainmenu) + !String.EndsWith(Window.Property(groupname),.1) + Control.HasFocus(302)">$LOCALIZE[31367]</value>
		<value condition="!String.IsEqual(Window.Property(groupname),mainmenu) + !String.EndsWith(Window.Property(groupname),.1) + Control.HasFocus(301)">$LOCALIZE[31379]</value>
		<value condition="!String.IsEqual(Window.Property(groupname),mainmenu) + !String.EndsWith(Window.Property(groupname),.1) + Control.HasFocus(308)">$LOCALIZE[31382]</value>
		<value condition="String.EndsWith(Window.Property(groupname),.1) + Control.HasFocus(312)">$LOCALIZE[31368]</value>
		<value condition="String.EndsWith(Window.Property(groupname),.1) + Control.HasFocus(604)">$LOCALIZE[31369]</value>
		<value condition="String.EndsWith(Window.Property(groupname),.1) + Control.HasFocus(601)">$LOCALIZE[31370]</value>
		<value condition="String.EndsWith(Window.Property(groupname),.1) + Control.HasFocus(602)">$LOCALIZE[31371]</value>
		<value condition="String.EndsWith(Window.Property(groupname),.1) + Control.HasFocus(603)">$LOCALIZE[31372]</value>
		<value condition="String.EndsWith(Window.Property(groupname),.1) + Control.HasFocus(502)">$LOCALIZE[31373]</value>
		<value condition="String.EndsWith(Window.Property(groupname),.1) + Control.HasFocus(503)">$LOCALIZE[31374]</value>
		<value condition="String.EndsWith(Window.Property(groupname),.1) + Control.HasFocus(504)">$LOCALIZE[31375]</value>
		<value condition="String.EndsWith(Window.Property(groupname),.1) + Control.HasFocus(313)">$LOCALIZE[31376]</value>
		<value condition="String.EndsWith(Window.Property(groupname),.1) + Control.HasFocus(302)">$LOCALIZE[31377]</value>
		<value condition="String.EndsWith(Window.Property(groupname),.1) + Control.HasFocus(301)">$LOCALIZE[31380]</value>
		<value condition="String.EndsWith(Window.Property(groupname),.1) + Control.HasFocus(308)">$LOCALIZE[31385]</value>
	</variable>
	
	<variable name="SkinShortcutsExplanation2">
		<value condition="String.IsEqual(Window(1106).Property(Window),Mainmenu) + !String.IsEmpty(Window(1106).Property(HelpPage))">$LOCALIZE[31384]</value>
		<value condition="String.IsEqual(Window(1106).Property(Window),Mainmenu) + String.IsEmpty(Window(1106).Property(HelpPage))">$LOCALIZE[31385]</value>
		<value condition="String.IsEqual(Window(1106).Property(Window),Submenu) + !String.IsEmpty(Window(1106).Property(HelpPage))">$LOCALIZE[31386]</value>
		<value condition="String.IsEqual(Window(1106).Property(Window),Submenu) + String.IsEmpty(Window(1106).Property(HelpPage))">$LOCALIZE[31387]</value>
		<value condition="String.IsEqual(Window(1106).Property(Window),Widgetmenu) + !String.IsEmpty(Window(1106).Property(HelpPage))">$LOCALIZE[31388]</value>
		<value condition="String.IsEqual(Window(1106).Property(Window),Widgetmenu) + String.IsEmpty(Window(1106).Property(HelpPage))">$LOCALIZE[31389]</value>
	</variable>

</includes>
