<?xml version="1.0" encoding="UTF-8"?>
<includes>

	<include name="Viewtype535">

		<!-- Wall (music/videos) -->
		<control type="group">
			<visible>Control.IsVisible(535)</visible>

			<!-- Thumbs -->
			<control type="panel" id="535">
				<include>Viewtype535_coords1</include>
				<onleft>63</onleft>
				<onup>535</onup>
				<ondown>535</ondown>
				<pagecontrol>63</pagecontrol>
				<viewtype label="$LOCALIZE[31078]">icon</viewtype>
				<scrolltime tween="sine" easing="out">240</scrolltime>
				<visible>Container.Content(albums) | Container.Content(addons) | Container.Content(artists) | Container.Content(games) | Container.Content(videos)</visible>
				<include>DefaultView</include>

				<include>Viewtype535_coords2</include>

				<include>Viewtype535_coords3</include>
				
			</control>

			<control type="group">
				<include>Viewtype535_coords4</include>

				<!-- Title -->
				<control type="fadelabel">
					<include>Viewtype535_coords5</include>
					<font>Font72</font>
					<align>center</align>
					<textcolor>$VAR[TextColor1]</textcolor>
					<label>$VAR[Label1]</label>
				</control>

				<!-- Details -->
				<control type="fadelabel">
					<include>Viewtype535_coords6</include>
					<font>Font27</font>
					<align>center</align>
					<aligny>top</aligny>
					<label>$VAR[Label2]</label>
					<textcolor>$VAR[TextColor1]</textcolor>
				</control>

			</control>

		</control>

	</include>

	<include name="image-535">
		<param name="fallback">DefaultVideos.png</param>
		<param name="colordiffuse">FFFFFFFF</param>
		<param name="visible">False</param>
		<definition>
			<control type="image">
				<include>Viewtype535_coords7</include>
				<colordiffuse>$PARAM[colordiffuse]</colordiffuse>
				<texture fallback="$PARAM[fallback]" background="true">$VAR[mediaImages]</texture>
				<aspectratio align="center" aligny="center">keep</aspectratio>
				<visible>$PARAM[visible]</visible>
				<visible>!Integer.IsEqual(Container.NumItems,0) | [Integer.IsEqual(Container.NumItems,0) + ListItem.IsParentFolder]</visible>
			</control>
		</definition>
	</include>
	
	<include name="image-535-focused">
		<param name="fallback">DefaultVideos.png</param>
		<param name="colordiffuse">FFFFFFFF</param>
		<param name="visible">False</param>
		<definition>
			<control type="image">
				<include>Viewtype535_coords8</include>
				<colordiffuse>$PARAM[colordiffuse]</colordiffuse>
				<texture fallback="$PARAM[fallback]" background="true">$VAR[mediaImages]</texture>
				<aspectratio align="center" aligny="center">keep</aspectratio>
				<visible>$PARAM[visible]</visible>
				<visible>!Integer.IsEqual(Container.NumItems,0) | [Integer.IsEqual(Container.NumItems,0) + ListItem.IsParentFolder]</visible>
			</control>
		</definition>
	</include>

</includes>
