<?xml version="1.0" encoding="UTF-8"?>
<includes>

	<include name="Viewtype537">

		<!-- Wall small (music/videos) -->
		<control type="group">
			<visible>Control.IsVisible(537)</visible>

			<!-- Thumbs -->
			<control type="panel" id="537">
				<include>Viewtype537_coords1</include>
				<onleft>63</onleft>
				<onup>537</onup>
				<ondown>537</ondown>
				<pagecontrol>63</pagecontrol>
				<viewtype label="$LOCALIZE[31114]">icon</viewtype>
				<scrolltime tween="sine" easing="out">240</scrolltime>
				<visible>Container.Content(albums) | Container.Content(addons) | Container.Content(artists) | Container.Content(games) | Container.Content(videos)</visible>
				<include>DefaultView</include>

				<include>Viewtype537_coords2</include>

				<include>Viewtype537_coords3</include>
				
			</control>

			<control type="group">
				<include>Viewtype537_coords4</include>

				<!-- Title -->
				<control type="fadelabel">
					<include>Viewtype537_coords5</include>
					<font>Font72</font>
					<align>center</align>
					<textcolor>$VAR[TextColor1]</textcolor>
					<label>$VAR[Label1]</label>
				</control>

				<!-- Details -->
				<control type="fadelabel">
					<include>Viewtype537_coords6</include>
					<font>Font27</font>
					<align>center</align>
					<aligny>top</aligny>
					<label>$VAR[Label2]</label>
					<textcolor>$VAR[TextColor1]</textcolor>
				</control>

			</control>

		</control>

	</include>

	<include name="image-537">
		<param name="fallback">DefaultVideos.png</param>
		<param name="colordiffuse">FFFFFFFF</param>
		<param name="visible">False</param>
		<definition>
			<control type="image">
				<include>Viewtype537_coords7</include>
				<colordiffuse>$PARAM[colordiffuse]</colordiffuse>
				<texture fallback="$PARAM[fallback]" background="true">$VAR[mediaImages]</texture>
				<aspectratio align="center" aligny="center">keep</aspectratio>
				<visible>$PARAM[visible]</visible>
				<visible>!Integer.IsEqual(Container.NumItems,0) | [Integer.IsEqual(Container.NumItems,0) + ListItem.IsParentFolder]</visible>
			</control>
		</definition>
	</include>
	
	<include name="image-537-focused">
		<param name="fallback">DefaultVideos.png</param>
		<param name="colordiffuse">FFFFFFFF</param>
		<param name="visible">False</param>
		<definition>
			<control type="image">
				<include>Viewtype537_coords8</include>
				<colordiffuse>$PARAM[colordiffuse]</colordiffuse>
				<texture fallback="$PARAM[fallback]" background="true">$VAR[mediaImages]</texture>
				<aspectratio align="center" aligny="center">keep</aspectratio>
				<visible>$PARAM[visible]</visible>
				<visible>!Integer.IsEqual(Container.NumItems,0) | [Integer.IsEqual(Container.NumItems,0) + ListItem.IsParentFolder]</visible>
			</control>
		</definition>
	</include>

</includes>
