<?xml version="1.0" encoding="UTF-8"?>
<addon id="skin.osmc" version="18.4.0" name="OSMC Skin" provider-name="OSMC">
	<requires>
		<import addon="xbmc.gui" version="5.14.0"/>
	</requires>
	<extension point="xbmc.gui.skin" defaultthemename="Textures.xbt" effectslowdown="1.00" debugging="false">
		<!-- <res width="2560" height="1080" aspect="21:9" default="true" folder="xml" /> -->
		<res width="1920" height="1080" aspect="16:9" default="true" folder="xml" />
		<!-- <res width="2560" height="1440" aspect="16:9" default="true" folder="xml" /> -->
		<!-- <res width="1440" height="1080" aspect="4:3" default="true" folder="xml" /> -->
	</extension>
	<extension point="xbmc.addon.metadata">
		<platform>all</platform>
		<summary lang="en">The default skin for OSMC.</summary>
		<description lang="en">Original skin: Andy Morton[CR]Original design: Simon Brunton[CR]Skinner: Julian Michel</description>
		<assets>
			<icon>resources/icon.png</icon>
			<fanart>resources/fanart.jpg</fanart>
		</assets>
		<news>[B]New[/B][CR]- add channel group switching buttons to OSD PVR channels list[CR]- add Library Node Editor support[CR]- new square versions of existing views for video addons and music[CR]- add automatic masking for scope skin version[CR]- add second dialog page to music, PVR and addon info dialog[CR]- add setting to force a specific view for video addons[CR]- add missing PVR seek slider[CR][CR][B]Improved[/B][CR]- improve wording in skin settings[CR]- improve watched/listened to indicator for all views/widgets[CR]- adjust media window view positioning and size[CR]- adjust wall and wide view for music[CR]- improve spacing of wall low view[CR]- improve PVR descriptions[CR]- rework now playing information and fullscreen music playback information[CR]- add missing detail labels to PVR and music info dialogs[CR]- show TV show episode thumb in video info dialog[CR]- use the more extended list view for more content types (addons, games, files and pictures)[CR]- improve second label of more extended list view[CR]- add wide view support to games and programs[CR]- harmonize non-focus animations[CR]- improve scrollbar size relative to their controls[CR]- add favourites to home menu entry/submenu and widget customization dialog[CR][CR][B]Fixed[/B][CR]- fix default view music and video navigation[CR]- fix PVR channel window heading label[CR]- fix widget icon fallback[CR]- fix PVR OSD dialogs</news>
	</extension>
</addon>
