<?xml version="1.0" encoding="UTF-8"?>
<includes>

	<include name="Viewtype50_coords1">
		<include condition="String.IsEqual(Skin.AspectRatio,16:9) + True">Viewtype50_coords1_16:9</include>
		<include condition="String.IsEqual(Skin.AspectRatio,21:9)">Viewtype50_coords1_21:9</include>
		<include condition="String.IsEqual(Skin.AspectRatio,16:9) + False">Viewtype50_coords1_21:9_masked</include>
		<include condition="String.IsEqual(Skin.AspectRatio,4:3)">Viewtype50_coords1_4:3</include>
	</include>
	<include name="Viewtype50_coords1_16:9">
		<left>120</left>
		<top>440</top>
	</include>
	<include name="Viewtype50_coords1_21:9">
		<left>120</left>
		<top>440</top>
	</include>
	<include name="Viewtype50_coords1_21:9_masked">
		<left>120</left>
		<top>620</top>
	</include>
	<include name="Viewtype50_coords1_4:3">
		<left>120</left>
		<top>440</top>
	</include>
	
	<include name="Viewtype50_coords2">
		<include condition="String.IsEqual(Skin.AspectRatio,16:9) + True">Viewtype50_coords2_16:9</include>
		<include condition="String.IsEqual(Skin.AspectRatio,21:9)">Viewtype50_coords2_21:9</include>
		<include condition="String.IsEqual(Skin.AspectRatio,16:9) + False">Viewtype50_coords2_21:9_masked</include>
		<include condition="String.IsEqual(Skin.AspectRatio,4:3)">Viewtype50_coords2_4:3</include>
	</include>
	<include name="Viewtype50_coords2_16:9">
		<left>0</left>
		<top>314</top>
		<width>500</width>
		<height>45</height>
	</include>
	<include name="Viewtype50_coords2_21:9">
		<left>0</left>
		<top>314</top>
		<width>500</width>
		<height>45</height>
	</include>
	<include name="Viewtype50_coords2_21:9_masked">
		<left>0</left>
		<top>314</top>
		<width>500</width>
		<height>45</height>
	</include>
	<include name="Viewtype50_coords2_4:3">
		<left>0</left>
		<top>314</top>
		<width>500</width>
		<height>45</height>
	</include>
	
	<include name="Viewtype50_coords3">
		<include condition="String.IsEqual(Skin.AspectRatio,16:9) + True">Viewtype50_coords3_16:9</include>
		<include condition="String.IsEqual(Skin.AspectRatio,21:9)">Viewtype50_coords3_21:9</include>
		<include condition="String.IsEqual(Skin.AspectRatio,16:9) + False">Viewtype50_coords3_21:9_masked</include>
		<include condition="String.IsEqual(Skin.AspectRatio,4:3)">Viewtype50_coords3_4:3</include>
	</include>
	<include name="Viewtype50_coords3_16:9">
		<left>0</left>
		<top>366</top>
		<width>500</width>
		<height>45</height>
	</include>
	<include name="Viewtype50_coords3_21:9">
		<left>0</left>
		<top>366</top>
		<width>500</width>
		<height>45</height>
	</include>
	<include name="Viewtype50_coords3_21:9_masked">
		<left>0</left>
		<top>366</top>
		<width>500</width>
		<height>45</height>
	</include>
	<include name="Viewtype50_coords3_4:3">
		<left>0</left>
		<top>366</top>
		<width>500</width>
		<height>45</height>
	</include>
	
	<include name="Viewtype50_coords4">
		<include condition="String.IsEqual(Skin.AspectRatio,16:9) + True">Viewtype50_coords4_16:9</include>
		<include condition="String.IsEqual(Skin.AspectRatio,21:9)">Viewtype50_coords4_21:9</include>
		<include condition="String.IsEqual(Skin.AspectRatio,16:9) + False">Viewtype50_coords4_21:9_masked</include>
		<include condition="String.IsEqual(Skin.AspectRatio,4:3)">Viewtype50_coords4_4:3</include>
	</include>
	<include name="Viewtype50_coords4_16:9">
		<left>0</left>
		<top>418</top>
		<width>500</width>
		<height>27</height>
	</include>
	<include name="Viewtype50_coords4_21:9">
		<left>0</left>
		<top>418</top>
		<width>500</width>
		<height>27</height>
	</include>
	<include name="Viewtype50_coords4_21:9_masked">
		<left>0</left>
		<top>418</top>
		<width>500</width>
		<height>27</height>
	</include>
	<include name="Viewtype50_coords4_4:3">
		<left>0</left>
		<top>418</top>
		<width>500</width>
		<height>27</height>
	</include>
	
	<include name="Viewtype50_coords5">
		<include condition="String.IsEqual(Skin.AspectRatio,16:9) + True">Viewtype50_coords5_16:9</include>
		<include condition="String.IsEqual(Skin.AspectRatio,21:9)">Viewtype50_coords5_21:9</include>
		<include condition="String.IsEqual(Skin.AspectRatio,16:9) + False">Viewtype50_coords5_21:9_masked</include>
		<include condition="String.IsEqual(Skin.AspectRatio,4:3)">Viewtype50_coords5_4:3</include>
	</include>
	<include name="Viewtype50_coords5_16:9">
		<left>750</left>
		<centertop>50%</centertop>
		<width>1050</width>
		<height>720</height>
	</include>
	<include name="Viewtype50_coords5_21:9">
		<left>750</left>
		<centertop>50%</centertop>
		<width>1690</width>
		<height>720</height>
	</include>
	<include name="Viewtype50_coords5_21:9_masked">
		<left>750</left>
		<centertop>50%</centertop>
		<width>1690</width>
		<height>720</height>
	</include>
	<include name="Viewtype50_coords5_4:3">
		<left>750</left>
		<centertop>50%</centertop>
		<width>570</width>
		<height>720</height>
	</include>
	
	<include name="Viewtype50_coords6">
		<include condition="String.IsEqual(Skin.AspectRatio,16:9) + True">Viewtype50_coords6_16:9</include>
		<include condition="String.IsEqual(Skin.AspectRatio,21:9)">Viewtype50_coords6_21:9</include>
		<include condition="String.IsEqual(Skin.AspectRatio,16:9) + False">Viewtype50_coords6_21:9_masked</include>
		<include condition="String.IsEqual(Skin.AspectRatio,4:3)">Viewtype50_coords6_4:3</include>
	</include>
	<include name="Viewtype50_coords6_16:9">
		<itemlayout height="60" width="1050">
			<control type="label">
				<left>32</left>
				<top>0</top>
				<width>1018</width>
				<height>60</height>
				<font>Font36-light</font>
				<label>$INFO[ListItem.Label]</label>
				<textcolor>$VAR[TextColor2]</textcolor>
			</control>
			<!-- Collection -->
			<control type="image">
				<left>0</left>
				<top>19</top>
				<width>22</width>
				<height>22</height>
				<texture>views/OverlayCollection.png</texture>
				<aspectratio align="center" aligny="center">keep</aspectratio>
				<colordiffuse>$VAR[TextColor2]</colordiffuse>
				<include>NonFocusImageFadeAnimation</include>
				<visible>ListItem.IsCollection</visible>
			</control>
			<!-- Watched status -->
			<control type="image">
				<left>0</left>
				<top>19</top>
				<width>22</width>
				<height>22</height>
				<texture>$VAR[StatusOverlay]</texture>
				<aspectratio align="center" aligny="center">keep</aspectratio>
				<colordiffuse>$VAR[TextColor2]</colordiffuse>
				<include>NonFocusImageFadeAnimation</include>
				<visible>![Window.IsVisible(musicplaylist) | Window.IsVisible(videoplaylist)] + !ListItem.IsCollection</visible>
			</control>
		</itemlayout>
	</include>
	<include name="Viewtype50_coords6_21:9">
		<itemlayout height="60" width="1690">
			<control type="label">
				<left>32</left>
				<top>0</top>
				<width>1658</width>
				<height>60</height>
				<font>Font36-light</font>
				<label>$INFO[ListItem.Label]</label>
				<textcolor>$VAR[TextColor2]</textcolor>
			</control>
			<!-- Collection -->
			<control type="image">
				<left>0</left>
				<top>19</top>
				<width>22</width>
				<height>22</height>
				<texture>views/OverlayCollection.png</texture>
				<aspectratio align="center" aligny="center">keep</aspectratio>
				<colordiffuse>$VAR[TextColor2]</colordiffuse>
				<include>NonFocusImageFadeAnimation</include>
				<visible>ListItem.IsCollection</visible>
			</control>
			<!-- Watched status -->
			<control type="image">
				<left>0</left>
				<top>19</top>
				<width>22</width>
				<height>22</height>
				<texture>$VAR[StatusOverlay]</texture>
				<aspectratio align="center" aligny="center">keep</aspectratio>
				<colordiffuse>$VAR[TextColor2]</colordiffuse>
				<include>NonFocusImageFadeAnimation</include>
				<visible>![Window.IsVisible(musicplaylist) | Window.IsVisible(videoplaylist)] + !ListItem.IsCollection</visible>
			</control>
		</itemlayout>
	</include>
	<include name="Viewtype50_coords6_21:9_masked">
		<itemlayout height="60" width="1690">
			<control type="label">
				<left>32</left>
				<top>0</top>
				<width>1658</width>
				<height>60</height>
				<font>Font36-light</font>
				<label>$INFO[ListItem.Label]</label>
				<textcolor>$VAR[TextColor2]</textcolor>
			</control>
			<!-- Collection -->
			<control type="image">
				<left>0</left>
				<top>19</top>
				<width>22</width>
				<height>22</height>
				<texture>views/OverlayCollection.png</texture>
				<aspectratio align="center" aligny="center">keep</aspectratio>
				<colordiffuse>$VAR[TextColor2]</colordiffuse>
				<include>NonFocusImageFadeAnimation</include>
				<visible>ListItem.IsCollection</visible>
			</control>
			<!-- Watched status -->
			<control type="image">
				<left>0</left>
				<top>19</top>
				<width>22</width>
				<height>22</height>
				<texture>$VAR[StatusOverlay]</texture>
				<aspectratio align="center" aligny="center">keep</aspectratio>
				<colordiffuse>$VAR[TextColor2]</colordiffuse>
				<include>NonFocusImageFadeAnimation</include>
				<visible>![Window.IsVisible(musicplaylist) | Window.IsVisible(videoplaylist)] + !ListItem.IsCollection</visible>
			</control>
		</itemlayout>
	</include>
	<include name="Viewtype50_coords6_4:3">
		<itemlayout height="60" width="570">
			<control type="label">
				<left>32</left>
				<top>0</top>
				<width>538</width>
				<height>60</height>
				<font>Font36-light</font>
				<label>$INFO[ListItem.Label]</label>
				<textcolor>$VAR[TextColor2]</textcolor>
			</control>
			<!-- Collection -->
			<control type="image">
				<left>0</left>
				<top>19</top>
				<width>22</width>
				<height>22</height>
				<texture>views/OverlayCollection.png</texture>
				<aspectratio align="center" aligny="center">keep</aspectratio>
				<colordiffuse>$VAR[TextColor2]</colordiffuse>
				<include>NonFocusImageFadeAnimation</include>
				<visible>ListItem.IsCollection</visible>
			</control>
			<!-- Watched status -->
			<control type="image">
				<left>0</left>
				<top>19</top>
				<width>22</width>
				<height>22</height>
				<texture>$VAR[StatusOverlay]</texture>
				<aspectratio align="center" aligny="center">keep</aspectratio>
				<colordiffuse>$VAR[TextColor2]</colordiffuse>
				<include>NonFocusImageFadeAnimation</include>
				<visible>![Window.IsVisible(musicplaylist) | Window.IsVisible(videoplaylist)] + !ListItem.IsCollection</visible>
			</control>
		</itemlayout>
	</include>
	
	<include name="Viewtype50_coords7">
		<include condition="String.IsEqual(Skin.AspectRatio,16:9) + True">Viewtype50_coords7_16:9</include>
		<include condition="String.IsEqual(Skin.AspectRatio,21:9)">Viewtype50_coords7_21:9</include>
		<include condition="String.IsEqual(Skin.AspectRatio,16:9) + False">Viewtype50_coords7_21:9_masked</include>
		<include condition="String.IsEqual(Skin.AspectRatio,4:3)">Viewtype50_coords7_4:3</include>
	</include>
	<include name="Viewtype50_coords7_16:9">
		<focusedlayout height="120" width="1050">
			<control type="group">
				<include content="NonFocusFadeAnimation">
					<param name="id">50</param>
				</include>
				<control type="label">
					<left>32</left>
					<top>0</top>
					<width>1018</width>
					<height>120</height>
					<font>Font72-bold</font>
					<label>$INFO[ListItem.Label]</label>
					<textcolor>$VAR[TextColor1]</textcolor>
					<scroll>True</scroll>
					<scrollspeed>120</scrollspeed>
				</control>
				<control type="image">
					<left>32</left>
					<top>0</top>
					<width>1018</width>
					<height>120</height>
					<texture colordiffuse="$VAR[TextColor1]">$VAR[focus120]</texture>
					<visible>!ListItem.IsParentFolder</visible>
				</control>
				<!-- Collection -->
				<control type="image">
					<left>0</left>
					<top>49</top>
					<width>22</width>
					<height>22</height>
					<texture>views/OverlayCollection.png</texture>
					<aspectratio align="center" aligny="center">keep</aspectratio>
					<colordiffuse>$VAR[TextColor1]</colordiffuse>
					<visible>ListItem.IsCollection</visible>
				</control>
				<!-- Watched status -->
				<control type="image">
					<left>0</left>
					<top>49</top>
					<width>22</width>
					<height>22</height>
					<texture>$VAR[StatusOverlay]</texture>
					<aspectratio align="center" aligny="center">keep</aspectratio>
					<colordiffuse>$VAR[TextColor1]</colordiffuse>
					<visible>![Window.IsVisible(musicplaylist) | Window.IsVisible(videoplaylist)] + !ListItem.IsCollection</visible>
				</control>
			</control>
		</focusedlayout>
	</include>
	<include name="Viewtype50_coords7_21:9">
		<focusedlayout height="120" width="1690">
			<control type="group">
				<include content="NonFocusFadeAnimation">
					<param name="id">50</param>
				</include>
				<control type="label">
					<left>32</left>
					<top>0</top>
					<width>1658</width>
					<height>120</height>
					<font>Font72-bold</font>
					<label>$INFO[ListItem.Label]</label>
					<textcolor>$VAR[TextColor1]</textcolor>
					<scroll>True</scroll>
					<scrollspeed>120</scrollspeed>
				</control>
				<control type="image">
					<left>32</left>
					<top>0</top>
					<width>1658</width>
					<height>120</height>
					<texture colordiffuse="$VAR[TextColor1]">$VAR[focus120]</texture>
					<visible>!ListItem.IsParentFolder</visible>
				</control>
				<!-- Collection -->
				<control type="image">
					<left>0</left>
					<top>49</top>
					<width>22</width>
					<height>22</height>
					<texture>views/OverlayCollection.png</texture>
					<aspectratio align="center" aligny="center">keep</aspectratio>
					<colordiffuse>$VAR[TextColor1]</colordiffuse>
					<visible>ListItem.IsCollection</visible>
				</control>
				<!-- Watched status -->
				<control type="image">
					<left>0</left>
					<top>49</top>
					<width>22</width>
					<height>22</height>
					<texture>$VAR[StatusOverlay]</texture>
					<aspectratio align="center" aligny="center">keep</aspectratio>
					<colordiffuse>$VAR[TextColor1]</colordiffuse>
					<visible>![Window.IsVisible(musicplaylist) | Window.IsVisible(videoplaylist)] + !ListItem.IsCollection</visible>
				</control>
			</control>
		</focusedlayout>
	</include>
	<include name="Viewtype50_coords7_21:9_masked">
		<focusedlayout height="120" width="1690">
			<control type="group">
				<include content="NonFocusFadeAnimation">
					<param name="id">50</param>
				</include>
				<control type="label">
					<left>32</left>
					<top>0</top>
					<width>1658</width>
					<height>120</height>
					<font>Font72-bold</font>
					<label>$INFO[ListItem.Label]</label>
					<textcolor>$VAR[TextColor1]</textcolor>
					<scroll>True</scroll>
					<scrollspeed>120</scrollspeed>
				</control>
				<control type="image">
					<left>32</left>
					<top>0</top>
					<width>1658</width>
					<height>120</height>
					<texture colordiffuse="$VAR[TextColor1]">$VAR[focus120]</texture>
					<visible>!ListItem.IsParentFolder</visible>
				</control>
				<!-- Collection -->
				<control type="image">
					<left>0</left>
					<top>49</top>
					<width>22</width>
					<height>22</height>
					<texture>views/OverlayCollection.png</texture>
					<aspectratio align="center" aligny="center">keep</aspectratio>
					<colordiffuse>$VAR[TextColor1]</colordiffuse>
					<visible>ListItem.IsCollection</visible>
				</control>
				<!-- Watched status -->
				<control type="image">
					<left>0</left>
					<top>49</top>
					<width>22</width>
					<height>22</height>
					<texture>$VAR[StatusOverlay]</texture>
					<aspectratio align="center" aligny="center">keep</aspectratio>
					<colordiffuse>$VAR[TextColor1]</colordiffuse>
					<visible>![Window.IsVisible(musicplaylist) | Window.IsVisible(videoplaylist)] + !ListItem.IsCollection</visible>
				</control>
			</control>
		</focusedlayout>
	</include>
	<include name="Viewtype50_coords7_4:3">
		<focusedlayout height="120" width="570">
			<control type="group">
				<include content="NonFocusFadeAnimation">
					<param name="id">50</param>
				</include>
				<control type="label">
					<left>32</left>
					<top>0</top>
					<width>538</width>
					<height>120</height>
					<font>Font72-bold</font>
					<label>$INFO[ListItem.Label]</label>
					<textcolor>$VAR[TextColor1]</textcolor>
					<scroll>True</scroll>
					<scrollspeed>120</scrollspeed>
				</control>
				<control type="image">
					<left>32</left>
					<top>0</top>
					<width>538</width>
					<height>120</height>
					<texture colordiffuse="$VAR[TextColor1]">$VAR[focus120]</texture>
					<visible>!ListItem.IsParentFolder</visible>
				</control>
				<!-- Collection -->
				<control type="image">
					<left>0</left>
					<top>49</top>
					<width>22</width>
					<height>22</height>
					<texture>views/OverlayCollection.png</texture>
					<aspectratio align="center" aligny="center">keep</aspectratio>
					<colordiffuse>$VAR[TextColor1]</colordiffuse>
					<visible>ListItem.IsCollection</visible>
				</control>
				<!-- Watched status -->
				<control type="image">
					<left>0</left>
					<top>49</top>
					<width>22</width>
					<height>22</height>
					<texture>$VAR[StatusOverlay]</texture>
					<aspectratio align="center" aligny="center">keep</aspectratio>
					<colordiffuse>$VAR[TextColor1]</colordiffuse>
					<visible>![Window.IsVisible(musicplaylist) | Window.IsVisible(videoplaylist)] + !ListItem.IsCollection</visible>
				</control>
			</control>
		</focusedlayout>
	</include>
	
	<include name="Viewtype50_coords8">
		<include condition="String.IsEqual(Skin.AspectRatio,16:9) + True">Viewtype50_coords8_16:9</include>
		<include condition="String.IsEqual(Skin.AspectRatio,21:9)">Viewtype50_coords8_21:9</include>
		<include condition="String.IsEqual(Skin.AspectRatio,16:9) + False">Viewtype50_coords8_21:9_masked</include>
		<include condition="String.IsEqual(Skin.AspectRatio,4:3)">Viewtype50_coords8_4:3</include>
	</include>
	<include name="Viewtype50_coords8_16:9">
		<left>120</left>
		<top>225</top>
		<width>405</width>
		<height>600</height>
	</include>
	<include name="Viewtype50_coords8_21:9">
		<left>120</left>
		<top>225</top>
		<width>405</width>
		<height>600</height>
	</include>
	<include name="Viewtype50_coords8_21:9_masked">
		<left>120</left>
		<top>405</top>
		<width>405</width>
		<height>600</height>
	</include>
	<include name="Viewtype50_coords8_4:3">
		<left>120</left>
		<top>225</top>
		<width>405</width>
		<height>600</height>
	</include>

</includes>