<?xml version="1.0" encoding="UTF-8"?>
<includes>
	
	<include name="Custom_Skin_Shortcuts_Help_coords1">
		<include condition="String.IsEqual(Skin.AspectRatio,16:9) + True">Custom_Skin_Shortcuts_Help_coords1_16:9</include>
		<include condition="String.IsEqual(Skin.AspectRatio,21:9)">Custom_Skin_Shortcuts_Help_coords1_21:9</include>
		<include condition="String.IsEqual(Skin.AspectRatio,16:9) + False">Custom_Skin_Shortcuts_Help_coords1_21:9_masked</include>
		<include condition="String.IsEqual(Skin.AspectRatio,4:3)">Custom_Skin_Shortcuts_Help_coords1_4:3</include>
	</include>
	<include name="Custom_Skin_Shortcuts_Help_coords1_16:9">
		<left>0</left>
		<width>125</width>
		<top>210</top>
		<bottom>210</bottom>
	</include>
	<include name="Custom_Skin_Shortcuts_Help_coords1_21:9">
		<left>0</left>
		<width>125</width>
		<top>210</top>
		<bottom>210</bottom>
	</include>
	<include name="Custom_Skin_Shortcuts_Help_coords1_21:9_masked">
		<left>0</left>
		<width>125</width>
		<top>390</top>
		<bottom>390</bottom>
	</include>
	<include name="Custom_Skin_Shortcuts_Help_coords1_4:3">
		<left>0</left>
		<width>125</width>
		<top>210</top>
		<bottom>210</bottom>
	</include>
	
	<include name="Custom_Skin_Shortcuts_Help_coords2">
		<include condition="String.IsEqual(Skin.AspectRatio,16:9) + True">Custom_Skin_Shortcuts_Help_coords2_16:9</include>
		<include condition="String.IsEqual(Skin.AspectRatio,21:9)">Custom_Skin_Shortcuts_Help_coords2_21:9</include>
		<include condition="String.IsEqual(Skin.AspectRatio,16:9) + False">Custom_Skin_Shortcuts_Help_coords2_21:9_masked</include>
		<include condition="String.IsEqual(Skin.AspectRatio,4:3)">Custom_Skin_Shortcuts_Help_coords2_4:3</include>
	</include>
	<include name="Custom_Skin_Shortcuts_Help_coords2_16:9">
		<left>0</left>
		<right>0</right>
		<top>0</top>
		<height>210</height>
	</include>
	<include name="Custom_Skin_Shortcuts_Help_coords2_21:9">
		<left>0</left>
		<right>0</right>
		<top>0</top>
		<height>210</height>
	</include>
	<include name="Custom_Skin_Shortcuts_Help_coords2_21:9_masked">
		<left>0</left>
		<right>0</right>
		<top>0</top>
		<height>390</height>
	</include>
	<include name="Custom_Skin_Shortcuts_Help_coords2_4:3">
		<left>0</left>
		<right>0</right>
		<top>0</top>
		<height>210</height>
	</include>
	
	<include name="Custom_Skin_Shortcuts_Help_coords3">
		<include condition="String.IsEqual(Skin.AspectRatio,16:9) + True">Custom_Skin_Shortcuts_Help_coords3_16:9</include>
		<include condition="String.IsEqual(Skin.AspectRatio,21:9)">Custom_Skin_Shortcuts_Help_coords3_21:9</include>
		<include condition="String.IsEqual(Skin.AspectRatio,16:9) + False">Custom_Skin_Shortcuts_Help_coords3_21:9_masked</include>
		<include condition="String.IsEqual(Skin.AspectRatio,4:3)">Custom_Skin_Shortcuts_Help_coords3_4:3</include>
	</include>
	<include name="Custom_Skin_Shortcuts_Help_coords3_16:9">
		<left>0</left>
		<right>0</right>
		<bottom>0</bottom>
		<height>90</height>
	</include>
	<include name="Custom_Skin_Shortcuts_Help_coords3_21:9">
		<left>0</left>
		<right>0</right>
		<bottom>0</bottom>
		<height>90</height>
	</include>
	<include name="Custom_Skin_Shortcuts_Help_coords3_21:9_masked">
		<left>0</left>
		<right>0</right>
		<bottom>0</bottom>
		<height>270</height>
	</include>
	<include name="Custom_Skin_Shortcuts_Help_coords3_4:3">
		<left>0</left>
		<right>0</right>
		<bottom>0</bottom>
		<height>90</height>
	</include>
	
	<include name="Custom_Skin_Shortcuts_Help_coords4">
		<include condition="String.IsEqual(Skin.AspectRatio,16:9) + True">Custom_Skin_Shortcuts_Help_coords4_16:9</include>
		<include condition="String.IsEqual(Skin.AspectRatio,21:9)">Custom_Skin_Shortcuts_Help_coords4_21:9</include>
		<include condition="String.IsEqual(Skin.AspectRatio,16:9) + False">Custom_Skin_Shortcuts_Help_coords4_21:9_masked</include>
		<include condition="String.IsEqual(Skin.AspectRatio,4:3)">Custom_Skin_Shortcuts_Help_coords4_4:3</include>
	</include>
	<include name="Custom_Skin_Shortcuts_Help_coords4_16:9">
		<left>0</left>
		<right>0</right>
		<bottom>176</bottom>
		<height>34</height>
	</include>
	<include name="Custom_Skin_Shortcuts_Help_coords4_21:9">
		<left>0</left>
		<right>0</right>
		<bottom>176</bottom>
		<height>34</height>
	</include>
	<include name="Custom_Skin_Shortcuts_Help_coords4_21:9_masked">
		<left>0</left>
		<right>0</right>
		<bottom>356</bottom>
		<height>34</height>
	</include>
	<include name="Custom_Skin_Shortcuts_Help_coords4_4:3">
		<left>0</left>
		<right>0</right>
		<bottom>176</bottom>
		<height>34</height>
	</include>
	
	<include name="Custom_Skin_Shortcuts_Help_coords5">
		<include condition="String.IsEqual(Skin.AspectRatio,16:9) + True">Custom_Skin_Shortcuts_Help_coords5_16:9</include>
		<include condition="String.IsEqual(Skin.AspectRatio,21:9)">Custom_Skin_Shortcuts_Help_coords5_21:9</include>
		<include condition="String.IsEqual(Skin.AspectRatio,16:9) + False">Custom_Skin_Shortcuts_Help_coords5_21:9_masked</include>
		<include condition="String.IsEqual(Skin.AspectRatio,4:3)">Custom_Skin_Shortcuts_Help_coords5_4:3</include>
	</include>
	<include name="Custom_Skin_Shortcuts_Help_coords5_16:9">
		<right>0</right>
		<left>525</left>
		<top>210</top>
		<bottom>210</bottom>
	</include>
	<include name="Custom_Skin_Shortcuts_Help_coords5_21:9">
		<right>0</right>
		<left>525</left>
		<top>210</top>
		<bottom>210</bottom>
	</include>
	<include name="Custom_Skin_Shortcuts_Help_coords5_21:9_masked">
		<right>0</right>
		<left>525</left>
		<top>390</top>
		<bottom>390</bottom>
	</include>
	<include name="Custom_Skin_Shortcuts_Help_coords5_4:3">
		<right>0</right>
		<left>525</left>
		<top>210</top>
		<bottom>210</bottom>
	</include>
	
	<include name="Custom_Skin_Shortcuts_Help_coords6">
		<include condition="String.IsEqual(Skin.AspectRatio,16:9) + True">Custom_Skin_Shortcuts_Help_coords6_16:9</include>
		<include condition="String.IsEqual(Skin.AspectRatio,21:9)">Custom_Skin_Shortcuts_Help_coords6_21:9</include>
		<include condition="String.IsEqual(Skin.AspectRatio,16:9) + False">Custom_Skin_Shortcuts_Help_coords6_21:9_masked</include>
		<include condition="String.IsEqual(Skin.AspectRatio,4:3)">Custom_Skin_Shortcuts_Help_coords6_4:3</include>
	</include>
	<include name="Custom_Skin_Shortcuts_Help_coords6_16:9">
		<left>0</left>
		<top>210</top>
		<bottom>360</bottom>
		<width>525</width>
	</include>
	<include name="Custom_Skin_Shortcuts_Help_coords6_21:9">
		<left>0</left>
		<top>210</top>
		<bottom>360</bottom>
		<width>525</width>
	</include>
	<include name="Custom_Skin_Shortcuts_Help_coords6_21:9_masked">
		<left>0</left>
		<top>390</top>
		<bottom>540</bottom>
		<width>525</width>
	</include>
	<include name="Custom_Skin_Shortcuts_Help_coords6_4:3">
		<left>0</left>
		<top>210</top>
		<bottom>360</bottom>
		<width>525</width>
	</include>
	
	<include name="Custom_Skin_Shortcuts_Help_coords7">
		<include condition="String.IsEqual(Skin.AspectRatio,16:9) + True">Custom_Skin_Shortcuts_Help_coords7_16:9</include>
		<include condition="String.IsEqual(Skin.AspectRatio,21:9)">Custom_Skin_Shortcuts_Help_coords7_21:9</include>
		<include condition="String.IsEqual(Skin.AspectRatio,16:9) + False">Custom_Skin_Shortcuts_Help_coords7_21:9_masked</include>
		<include condition="String.IsEqual(Skin.AspectRatio,4:3)">Custom_Skin_Shortcuts_Help_coords7_4:3</include>
	</include>
	<include name="Custom_Skin_Shortcuts_Help_coords7_16:9">
		<left>0</left>
		<right>0</right>
		<top>0</top>
		<height>210</height>
	</include>
	<include name="Custom_Skin_Shortcuts_Help_coords7_21:9">
		<left>0</left>
		<right>0</right>
		<top>0</top>
		<height>210</height>
	</include>
	<include name="Custom_Skin_Shortcuts_Help_coords7_21:9_masked">
		<left>0</left>
		<right>0</right>
		<top>0</top>
		<height>390</height>
	</include>
	<include name="Custom_Skin_Shortcuts_Help_coords7_4:3">
		<left>0</left>
		<right>0</right>
		<top>0</top>
		<height>210</height>
	</include>
	
	<include name="Custom_Skin_Shortcuts_Help_coords8">
		<include condition="String.IsEqual(Skin.AspectRatio,16:9) + True">Custom_Skin_Shortcuts_Help_coords8_16:9</include>
		<include condition="String.IsEqual(Skin.AspectRatio,21:9)">Custom_Skin_Shortcuts_Help_coords8_21:9</include>
		<include condition="String.IsEqual(Skin.AspectRatio,16:9) + False">Custom_Skin_Shortcuts_Help_coords8_21:9_masked</include>
		<include condition="String.IsEqual(Skin.AspectRatio,4:3)">Custom_Skin_Shortcuts_Help_coords8_4:3</include>
	</include>
	<include name="Custom_Skin_Shortcuts_Help_coords8_16:9">
		<left>0</left>
		<right>0</right>
		<bottom>0</bottom>
		<height>90</height>
	</include>
	<include name="Custom_Skin_Shortcuts_Help_coords8_21:9">
		<left>0</left>
		<right>0</right>
		<bottom>0</bottom>
		<height>90</height>
	</include>
	<include name="Custom_Skin_Shortcuts_Help_coords8_21:9_masked">
		<left>0</left>
		<right>0</right>
		<bottom>0</bottom>
		<height>270</height>
	</include>
	<include name="Custom_Skin_Shortcuts_Help_coords8_4:3">
		<left>0</left>
		<right>0</right>
		<bottom>0</bottom>
		<height>90</height>
	</include>
	
	<include name="Custom_Skin_Shortcuts_Help_coords9">
		<include condition="String.IsEqual(Skin.AspectRatio,16:9) + True">Custom_Skin_Shortcuts_Help_coords9_16:9</include>
		<include condition="String.IsEqual(Skin.AspectRatio,21:9)">Custom_Skin_Shortcuts_Help_coords9_21:9</include>
		<include condition="String.IsEqual(Skin.AspectRatio,16:9) + False">Custom_Skin_Shortcuts_Help_coords9_21:9_masked</include>
		<include condition="String.IsEqual(Skin.AspectRatio,4:3)">Custom_Skin_Shortcuts_Help_coords9_4:3</include>
	</include>
	<include name="Custom_Skin_Shortcuts_Help_coords9_16:9">
		<left>0</left>
		<right>0</right>
		<bottom>176</bottom>
		<height>184</height>
	</include>
	<include name="Custom_Skin_Shortcuts_Help_coords9_21:9">
		<left>0</left>
		<right>0</right>
		<bottom>176</bottom>
		<height>184</height>
	</include>
	<include name="Custom_Skin_Shortcuts_Help_coords9_21:9_masked">
		<left>0</left>
		<right>0</right>
		<bottom>356</bottom>
		<height>184</height>
	</include>
	<include name="Custom_Skin_Shortcuts_Help_coords9_4:3">
		<left>0</left>
		<right>0</right>
		<bottom>176</bottom>
		<height>184</height>
	</include>
	
	<include name="Custom_Skin_Shortcuts_Help_coords10">
		<include condition="String.IsEqual(Skin.AspectRatio,16:9) + True">Custom_Skin_Shortcuts_Help_coords10_16:9</include>
		<include condition="String.IsEqual(Skin.AspectRatio,21:9)">Custom_Skin_Shortcuts_Help_coords10_21:9</include>
		<include condition="String.IsEqual(Skin.AspectRatio,16:9) + False">Custom_Skin_Shortcuts_Help_coords10_21:9_masked</include>
		<include condition="String.IsEqual(Skin.AspectRatio,4:3)">Custom_Skin_Shortcuts_Help_coords10_4:3</include>
	</include>
	<include name="Custom_Skin_Shortcuts_Help_coords10_16:9">
		<right>0</right>
		<bottom>360</bottom>
		<top>210</top>
		<width>125</width>
	</include>
	<include name="Custom_Skin_Shortcuts_Help_coords10_21:9">
		<right>0</right>
		<bottom>360</bottom>
		<top>210</top>
		<width>125</width>
	</include>
	<include name="Custom_Skin_Shortcuts_Help_coords10_21:9_masked">
		<right>0</right>
		<bottom>540</bottom>
		<top>390</top>
		<width>125</width>
	</include>
	<include name="Custom_Skin_Shortcuts_Help_coords10_4:3">
		<right>0</right>
		<bottom>360</bottom>
		<top>210</top>
		<width>125</width>
	</include>
	
	<include name="Custom_Skin_Shortcuts_Help_coords11">
		<include condition="String.IsEqual(Skin.AspectRatio,16:9) + True">Custom_Skin_Shortcuts_Help_coords11_16:9</include>
		<include condition="String.IsEqual(Skin.AspectRatio,21:9)">Custom_Skin_Shortcuts_Help_coords11_21:9</include>
		<include condition="String.IsEqual(Skin.AspectRatio,16:9) + False">Custom_Skin_Shortcuts_Help_coords11_21:9_masked</include>
		<include condition="String.IsEqual(Skin.AspectRatio,4:3)">Custom_Skin_Shortcuts_Help_coords11_4:3</include>
	</include>
	<include name="Custom_Skin_Shortcuts_Help_coords11_16:9">
		<right>150</right>
		<left>550</left>
		<bottom>226</bottom>
		<top>745</top>
	</include>
	<include name="Custom_Skin_Shortcuts_Help_coords11_21:9">
		<right>150</right>
		<left>550</left>
		<bottom>226</bottom>
		<top>745</top>
	</include>
	<include name="Custom_Skin_Shortcuts_Help_coords11_21:9_masked">
		<right>150</right>
		<left>550</left>
		<bottom>406</bottom>
		<top>925</top>
	</include>
	<include name="Custom_Skin_Shortcuts_Help_coords11_4:3">
		<right>150</right>
		<left>550</left>
		<bottom>226</bottom>
		<top>745</top>
	</include>

</includes>