<?xml version="1.0" encoding="utf-8"?>
<fonts>

	<fontset id="Default">

		<font>
			<name>Font72</name>
			<filename>SourceSansPro-Regular.ttf</filename>
			<size>68</size>
		</font>
		<font>
			<name>Font72-bold</name>
			<filename>SourceSansPro-Regular.ttf</filename>
			<size>68</size>
			<style>bold</style>
		</font>
		<font>
			<name>Font72-light</name>
			<filename>SourceSansPro-Regular.ttf</filename>
			<size>68</size>
			<style>lighten</style>
		</font>
		<font>
			<name>Font72-italic</name>
			<filename>SourceSansPro-Regular.ttf</filename>
			<size>68</size>
			<style>italics</style>
		</font>
		<font>
			<name>Font50</name>
			<filename>SourceSansPro-Regular.ttf</filename>
			<size>50</size>
		</font>
		<font>
			<name>Font50-bold</name>
			<filename>SourceSansPro-Regular.ttf</filename>
			<size>50</size>
			<style>bold</style>
		</font>
		<font>
			<name>Font50-light</name>
			<filename>SourceSansPro-Regular.ttf</filename>
			<size>50</size>
			<style>lighten</style>
		</font>
		<font>
			<name>Font50-italic</name>
			<filename>SourceSansPro-Regular.ttf</filename>
			<size>50</size>
			<style>italics</style>
		</font>
		<font>
			<name>Font48</name>
			<filename>SourceSansPro-Regular.ttf</filename>
			<size>46</size>
		</font>
		<font>
			<name>Font48-bold</name>
			<filename>SourceSansPro-Regular.ttf</filename>
			<size>46</size>
			<style>bold</style>
		</font>
		<font>
			<name>Font48-light</name>
			<filename>SourceSansPro-Regular.ttf</filename>
			<size>46</size>
			<style>lighten</style>
		</font>
		<font>
			<name>Font48-italic</name>
			<filename>SourceSansPro-Regular.ttf</filename>
			<size>46</size>
			<style>italics</style>
		</font>
		<font>
			<name>Font42</name>
			<filename>SourceSansPro-Regular.ttf</filename>
			<size>40</size>
		</font>
		<font>
			<name>Font42-bold</name>
			<filename>SourceSansPro-Regular.ttf</filename>
			<size>40</size>
			<style>bold</style>
		</font>
		<font>
			<name>Font42-light</name>
			<filename>SourceSansPro-Regular.ttf</filename>
			<size>40</size>
			<style>lighten</style>
		</font>
		<font>
			<name>Font42-italic</name>
			<filename>SourceSansPro-Regular.ttf</filename>
			<size>40</size>
			<style>italics</style>
		</font>
		<font>
			<name>Font36</name>
			<filename>SourceSansPro-Regular.ttf</filename>
			<size>34</size>
			<linespacing>1.3</linespacing>
		</font>
		<font>
			<name>Font36-bold</name>
			<filename>SourceSansPro-Regular.ttf</filename>
			<size>34</size>
			<linespacing>1.3</linespacing>
			<style>bold</style>
		</font>
		<font>
			<name>Font36-light</name>
			<filename>SourceSansPro-Regular.ttf</filename>
			<size>34</size>
			<linespacing>1.3</linespacing>
			<style>lighten</style>
		</font>
		<font>
			<name>Font36-italic</name>
			<filename>SourceSansPro-Regular.ttf</filename>
			<size>34</size>
			<linespacing>1.3</linespacing>
			<style>italics</style>
		</font>
		<font>
			<name>Font33</name>
			<filename>SourceSansPro-Regular.ttf</filename>
			<size>31</size>
		</font>
		<font>
			<name>Font33-bold</name>
			<filename>SourceSansPro-Regular.ttf</filename>
			<size>31</size>
			<style>bold</style>
		</font>
		<font>
			<name>Font33-light</name>
			<filename>SourceSansPro-Regular.ttf</filename>
			<size>31</size>
			<style>lighten</style>
		</font>
		<font>
			<name>Font33-italic</name>
			<filename>SourceSansPro-Regular.ttf</filename>
			<size>31</size>
			<style>italics</style>
		</font>
		<font>
			<name>Font30</name>
			<filename>SourceSansPro-Regular.ttf</filename>
			<size>28</size>
		</font>
		<font>
			<name>Font30-bold</name>
			<filename>SourceSansPro-Regular.ttf</filename>
			<size>28</size>
			<style>bold</style>
		</font>
		<font>
			<name>Font30-light</name>
			<filename>SourceSansPro-Regular.ttf</filename>
			<size>28</size>
			<style>lighten</style>
		</font>
		<font>
			<name>Font30-italic</name>
			<filename>SourceSansPro-Regular.ttf</filename>
			<size>28</size>
			<style>italics</style>
		</font>
		<font>
			<name>Font29</name>
			<filename>SourceSansPro-Regular.ttf</filename>
			<size>26</size>
		</font>
		<font>
			<name>Font29-bold</name>
			<filename>SourceSansPro-Regular.ttf</filename>
			<size>26</size>
			<style>bold</style>
		</font>
		<font>
			<name>Font29-light</name>
			<filename>SourceSansPro-Regular.ttf</filename>
			<size>26</size>
			<style>lighten</style>
		</font>
		<font>
			<name>Font29-italic</name>
			<filename>SourceSansPro-Regular.ttf</filename>
			<size>26</size>
			<style>italics</style>
		</font>
		<font>
			<name>Font27</name>
			<filename>SourceSansPro-Regular.ttf</filename>
			<size>25</size>
		</font>
		<font>
			<name>Font27-bold</name>
			<filename>SourceSansPro-Regular.ttf</filename>
			<size>25</size>
			<style>bold</style>
		</font>
		<font>
			<name>Font27-light</name>
			<filename>SourceSansPro-Regular.ttf</filename>
			<size>25</size>
			<linespacing>1.3</linespacing>
			<style>lighten</style>
		</font>
		<font>
			<name>Font27-italic</name>
			<filename>SourceSansPro-Regular.ttf</filename>
			<size>25</size>
			<style>italics</style>
		</font>
		<font>
			<name>Font25</name>
			<filename>SourceSansPro-Regular.ttf</filename>
			<size>23</size>
			<linespacing>1.3</linespacing>
		</font>
		<font>
			<name>Font25-bold</name>
			<filename>SourceSansPro-Regular.ttf</filename>
			<size>23</size>
			<linespacing>1.3</linespacing>
			<style>bold</style>
		</font>
		<font>
			<name>Font25-light</name>
			<filename>SourceSansPro-Regular.ttf</filename>
			<size>23</size>
			<linespacing>1.3</linespacing>
			<style>lighten</style>
		</font>
		<font>
			<name>Font25-italic</name>
			<filename>SourceSansPro-Regular.ttf</filename>
			<size>23</size>
			<linespacing>1.3</linespacing>
			<style>italics</style>
		</font>

		<!-- System Info fixed width -->
		<font>
			<name>SystemInfo</name>
			<filename>SourceCodePro-Regular.ttf</filename>
			<size>24</size>
		</font>

		<!-- Required for system -->
		<font>
			<name>font13</name>
			<filename>Arial.ttf</filename>
			<size>21</size>
		</font>

	</fontset>

	<fontset id="Arial">

		<font>
			<name>Font72</name>
			<filename>Arial.ttf</filename>
			<size>65</size>
			<aspect>0.92</aspect>
		</font>
		<font>
			<name>Font72-bold</name>
			<filename>Arial.ttf</filename>
			<size>65</size>
			<style>bold</style>
			<aspect>0.92</aspect>
		</font>
		<font>
			<name>Font72-light</name>
			<filename>Arial.ttf</filename>
			<size>65</size>
			<style>lighten</style>
			<aspect>0.92</aspect>
		</font>
		<font>
			<name>Font72-italic</name>
			<filename>Arial.ttf</filename>
			<size>65</size>
			<style>italics</style>
			<aspect>0.92</aspect>
		</font>
		<font>
			<name>Font50</name>
			<filename>Arial.ttf</filename>
			<size>47</size>
			<aspect>0.92</aspect>
		</font>
		<font>
			<name>Font50-bold</name>
			<filename>Arial.ttf</filename>
			<size>47</size>
			<style>bold</style>
			<aspect>0.92</aspect>
		</font>
		<font>
			<name>Font50-light</name>
			<filename>Arial.ttf</filename>
			<size>47</size>
			<style>lighten</style>
			<aspect>0.92</aspect>
		</font>
		<font>
			<name>Font50-italic</name>
			<filename>Arial.ttf</filename>
			<size>47</size>
			<style>italics</style>
			<aspect>0.92</aspect>
		</font>
		<font>
			<name>Font48</name>
			<filename>Arial.ttf</filename>
			<size>43</size>
			<aspect>0.92</aspect>
		</font>
		<font>
			<name>Font48-bold</name>
			<filename>Arial.ttf</filename>
			<size>43</size>
			<style>bold</style>
			<aspect>0.92</aspect>
		</font>
		<font>
			<name>Font48-light</name>
			<filename>Arial.ttf</filename>
			<size>43</size>
			<style>lighten</style>
			<aspect>0.92</aspect>
		</font>
		<font>
			<name>Font48-italic</name>
			<filename>Arial.ttf</filename>
			<size>43</size>
			<style>italics</style>
			<aspect>0.92</aspect>
		</font>
		<font>
			<name>Font42</name>
			<filename>Arial.ttf</filename>
			<size>37</size>
			<aspect>0.92</aspect>
		</font>
		<font>
			<name>Font42-bold</name>
			<filename>Arial.ttf</filename>
			<size>37</size>
			<style>bold</style>
			<aspect>0.92</aspect>
		</font>
		<font>
			<name>Font42-light</name>
			<filename>Arial.ttf</filename>
			<size>37</size>
			<style>lighten</style>
			<aspect>0.92</aspect>
		</font>
		<font>
			<name>Font42-italic</name>
			<filename>Arial.ttf</filename>
			<size>37</size>
			<style>italics</style>
			<aspect>0.92</aspect>
		</font>
		<font>
			<name>Font36</name>
			<filename>Arial.ttf</filename>
			<size>31</size>
			<linespacing>1.3</linespacing>
			<aspect>0.92</aspect>
		</font>
		<font>
			<name>Font36-bold</name>
			<filename>Arial.ttf</filename>
			<size>31</size>
			<linespacing>1.3</linespacing>
			<style>bold</style>
			<aspect>0.92</aspect>
		</font>
		<font>
			<name>Font36-light</name>
			<filename>Arial.ttf</filename>
			<size>31</size>
			<linespacing>1.3</linespacing>
			<style>lighten</style>
			<aspect>0.92</aspect>
		</font>
		<font>
			<name>Font36-italic</name>
			<filename>Arial.ttf</filename>
			<size>31</size>
			<linespacing>1.3</linespacing>
			<style>italics</style>
			<aspect>0.92</aspect>
		</font>
		<font>
			<name>Font33</name>
			<filename>Arial.ttf</filename>
			<size>28</size>
			<aspect>0.92</aspect>
		</font>
		<font>
			<name>Font33-bold</name>
			<filename>Arial.ttf</filename>
			<size>28</size>
			<style>bold</style>
			<aspect>0.92</aspect>
		</font>
		<font>
			<name>Font33-light</name>
			<filename>Arial.ttf</filename>
			<size>28</size>
			<style>lighten</style>
			<aspect>0.92</aspect>
		</font>
		<font>
			<name>Font33-italic</name>
			<filename>Arial.ttf</filename>
			<size>28</size>
			<style>italics</style>
			<aspect>0.92</aspect>
		</font>
		<font>
			<name>Font30</name>
			<filename>Arial.ttf</filename>
			<size>25</size>
			<aspect>0.92</aspect>
		</font>
		<font>
			<name>Font30-bold</name>
			<filename>Arial.ttf</filename>
			<size>25</size>
			<style>bold</style>
			<aspect>0.92</aspect>
		</font>
		<font>
			<name>Font30-light</name>
			<filename>Arial.ttf</filename>
			<size>25</size>
			<style>lighten</style>
			<aspect>0.92</aspect>
		</font>
		<font>
			<name>Font30-italic</name>
			<filename>Arial.ttf</filename>
			<size>25</size>
			<style>italics</style>
			<aspect>0.92</aspect>
		</font>
		<font>
			<name>Font29</name>
			<filename>Arial.ttf</filename>
			<size>23</size>
			<aspect>0.92</aspect>
		</font>
		<font>
			<name>Font29-bold</name>
			<filename>Arial.ttf</filename>
			<size>23</size>
			<style>bold</style>
			<aspect>0.92</aspect>
		</font>
		<font>
			<name>Font29-light</name>
			<filename>Arial.ttf</filename>
			<size>23</size>
			<style>lighten</style>
			<aspect>0.92</aspect>
		</font>
		<font>
			<name>Font29-italic</name>
			<filename>Arial.ttf</filename>
			<size>23</size>
			<style>italics</style>
			<aspect>0.92</aspect>
		</font>
		<font>
			<name>Font27</name>
			<filename>Arial.ttf</filename>
			<size>22</size>
			<aspect>0.92</aspect>
		</font>
		<font>
			<name>Font27-bold</name>
			<filename>Arial.ttf</filename>
			<size>22</size>
			<style>bold</style>
			<aspect>0.92</aspect>
		</font>
		<font>
			<name>Font27-light</name>
			<filename>Arial.ttf</filename>
			<size>22</size>
			<linespacing>1.3</linespacing>
			<style>lighten</style>
			<aspect>0.92</aspect>
		</font>
		<font>
			<name>Font27-italic</name>
			<filename>Arial.ttf</filename>
			<size>22</size>
			<style>italics</style>
			<aspect>0.92</aspect>
		</font>
		<font>
			<name>Font25</name>
			<filename>Arial.ttf</filename>
			<size>20</size>
			<linespacing>1.3</linespacing>
			<aspect>0.92</aspect>
		</font>
		<font>
			<name>Font25-bold</name>
			<filename>Arial.ttf</filename>
			<size>20</size>
			<linespacing>1.3</linespacing>
			<style>bold</style>
			<aspect>0.92</aspect>
		</font>
		<font>
			<name>Font25-light</name>
			<filename>Arial.ttf</filename>
			<size>20</size>
			<linespacing>1.3</linespacing>
			<style>lighten</style>
			<aspect>0.92</aspect>
		</font>
		<font>
			<name>Font25-italic</name>
			<filename>Arial.ttf</filename>
			<size>20</size>
			<linespacing>1.3</linespacing>
			<style>italics</style>
			<aspect>0.92</aspect>
		</font>

		<!-- System Info fixed width -->
		<font>
			<name>SystemInfo</name>
			<filename>teletext.ttf</filename>
			<size>21</size>
		</font>

		<!-- Required for system -->
		<font>
			<name>font13</name>
			<filename>Arial.ttf</filename>
			<size>19</size>
			<aspect>0.92</aspect>
		</font>

	</fontset>

</fonts>
