<?xml version="1.0" encoding="UTF-8"?>
<window>
	<!-- musicosd -->
	<defaultcontrol always="true">5</defaultcontrol>

	<controls>

		<control type="group">
			<include>DialogDepth</include>
			<animation effect="fade" start="100" end="0" time="200" condition="Window.IsTopMost(DialogSelect.xml)">Conditional</animation>
			<visible>!Window.IsVisible(DialogSettings.xml) + !Window.IsVisible(PVRChannelGuide) + !Window.IsVisible(pvrosdchannels) + !Window.IsVisible(DialogSelect.xml) + !Window.IsVisible(DialogPVRInfo.xml) + !Window.IsVisible(playerprocessinfo) + !Window.IsVisible(shutdownmenu)</visible>
			<include>MusicOSD_coords1</include>
			<include>OSDVisibleHiddenAnimation</include>
			<include>OSDOpenCloseAnimation</include>

			<!-- Background -->
			<control type="image">
				<include>MusicOSD_coords2</include>
				<texture colordiffuse="$VAR[OverlayColor]">dialogs/Background.png</texture>
			</control>

			<!-- Controls -->
			<control type="grouplist">
				<include>MusicOSD_coords3</include>
				<itemgap>0</itemgap>
				<onleft>19</onleft>
				<onright>12</onright>
				<onup>30</onup>
				<ondown>30</ondown>
				<orientation>horizontal</orientation>

				<!-- Spacer -->
				<control type="image" id="40">
					<include>MusicOSD_coords4</include>
					<texture>transparent.png</texture>
				</control>

				<!-- Skip Back -->
				<control type="button" id="1">
					<include>MusicOSD_coords5</include>
					<onleft>2</onleft>
					<onright>4</onright>
					<texturefocus colordiffuse="$VAR[DialogColor1]">osd/OSDTrickBackwardEnd.png</texturefocus>
					<texturenofocus colordiffuse="$VAR[DialogColor2]">osd/OSDTrickBackwardEnd.png</texturenofocus>
					<onclick>PlayerControl(Previous)</onclick>
					<visible>Player.SeekEnabled</visible>
				</control>
				
				<!-- Rewind -->
				<control type="togglebutton" id="2">
					<include>MusicOSD_coords6</include>
					<onleft>8</onleft>
					<onright>10</onright>
					<texturefocus colordiffuse="$VAR[DialogColor1]">osd/OSDTrickBackward.png</texturefocus>
					<texturenofocus colordiffuse="$VAR[DialogColor2]">osd/OSDTrickBackward.png</texturenofocus>
					<alttexturefocus colordiffuse="$VAR[DialogColor1]">osd/OSDTrickBackward.png</alttexturefocus>
					<alttexturenofocus colordiffuse="$VAR[DialogColor1]">osd/OSDTrickBackward.png</alttexturenofocus>
					<usealttexture>Control.HasFocus(1)</usealttexture>
					<onclick>PlayerControl(Rewind)</onclick>
					<visible>Player.SeekEnabled</visible>
				</control>
				
				<!-- Tempo Down -->
				<control type="togglebutton" id="3">
					<include>MusicOSD_coords6</include>
					<onleft>8</onleft>
					<onright>10</onright>
					<texturefocus colordiffuse="$VAR[DialogColor1]">osd/OSDTrickBackward.png</texturefocus>
					<texturenofocus colordiffuse="$VAR[DialogColor2]">osd/OSDTrickBackward.png</texturenofocus>
					<alttexturefocus colordiffuse="$VAR[DialogColor1]">osd/OSDTrickBackward.png</alttexturefocus>
					<alttexturenofocus colordiffuse="$VAR[DialogColor1]">osd/OSDTrickBackward.png</alttexturenofocus>
					<usealttexture>Control.HasFocus(1) | Control.HasFocus(2)</usealttexture>
					<onclick>PlayerControl(TempoDown)</onclick>
					<visible>Player.SeekEnabled</visible>
					<enable>Player.TempoEnabled</enable>
				</control>

				<!-- Spacer -->
				<control type="image" id="41">
					<include>MusicOSD_coords4</include>
					<texture>transparent.png</texture>
				</control>

				<!-- Up -->
				<control type="button" id="4">
					<include>MusicOSD_coords7</include>
					<onleft>4</onleft>
					<onright>6</onright>
					<texturefocus colordiffuse="$VAR[DialogColor1]">osd/OSDUpNF.png</texturefocus>
					<texturenofocus colordiffuse="$VAR[DialogColor2]">osd/OSDUpNF.png</texturenofocus>
					<onclick>Action(ChannelUp)</onclick>
					<visible>Pvr.IsPlayingRadio</visible>
				</control>

				<!-- Play/Pause -->
				<include condition="Player.PauseEnabled">OSDPlayStopButtons</include>
				<!-- Stop -->
				<include condition="!Player.PauseEnabled">OSDStopButton</include>

				<!-- Down -->
				<control type="button" id="7">
					<include>MusicOSD_coords7</include>
					<onleft>5</onleft>
					<onright>7</onright>
					<texturefocus colordiffuse="$VAR[DialogColor1]">osd/OSDDownNF.png</texturefocus>
					<texturenofocus colordiffuse="$VAR[DialogColor2]">osd/OSDDownNF.png</texturenofocus>
					<onclick>Action(ChannelDown)</onclick>
					<visible>Pvr.IsPlayingRadio</visible>
				</control>

				<!-- Spacer -->
				<control type="image" id="42">
					<include>MusicOSD_coords4</include>
					<texture>transparent.png</texture>
				</control>

				<!-- Tempo Up -->
				<control type="togglebutton" id="8">
					<include>MusicOSD_coords6</include>
					<onleft>8</onleft>
					<onright>10</onright>
					<texturefocus colordiffuse="$VAR[DialogColor1]">osd/OSDTrickForward.png</texturefocus>
					<texturenofocus colordiffuse="$VAR[DialogColor2]">osd/OSDTrickForward.png</texturenofocus>
					<alttexturefocus colordiffuse="$VAR[DialogColor1]">osd/OSDTrickForward.png</alttexturefocus>
					<alttexturenofocus colordiffuse="$VAR[DialogColor1]">osd/OSDTrickForward.png</alttexturenofocus>
					<usealttexture>Control.HasFocus(9) | Control.HasFocus(10)</usealttexture>
					<onclick>PlayerControl(TempoUp)</onclick>
					<visible>Player.SeekEnabled</visible>
					<enable>Player.TempoEnabled</enable>
				</control>
				
				<!-- Fast Forward -->
				<control type="togglebutton" id="9">
					<include>MusicOSD_coords6</include>
					<onleft>8</onleft>
					<onright>10</onright>
					<texturefocus colordiffuse="$VAR[DialogColor1]">osd/OSDTrickForward.png</texturefocus>
					<texturenofocus colordiffuse="$VAR[DialogColor2]">osd/OSDTrickForward.png</texturenofocus>
					<alttexturefocus colordiffuse="$VAR[DialogColor1]">osd/OSDTrickForward.png</alttexturefocus>
					<alttexturenofocus colordiffuse="$VAR[DialogColor1]">osd/OSDTrickForward.png</alttexturenofocus>
					<usealttexture>Control.HasFocus(10)</usealttexture>
					<onclick>PlayerControl(Forward)</onclick>
					<visible>Player.SeekEnabled</visible>
				</control>
				
				<!-- Next -->
				<control type="button" id="10">
					<include>MusicOSD_coords5</include>
					<onleft>7</onleft>
					<onright>9</onright>
					<texturefocus colordiffuse="$VAR[DialogColor1]">osd/OSDTrickForwardEnd.png</texturefocus>
					<texturenofocus colordiffuse="$VAR[DialogColor2]">osd/OSDTrickForwardEnd.png</texturenofocus>
					<onclick>PlayerControl(Next)</onclick>
					<visible>Player.SeekEnabled</visible>
				</control>
				
				<!-- Spacer -->
				<control type="image" id="43">
					<include>MusicOSD_coords4</include>
					<texture>transparent.png</texture>
				</control>

				<!-- Record -->
				<control type="togglebutton" id="11">
					<include>MusicOSD_coords7</include>
					<onleft>8</onleft>
					<onright>10</onright>
					<texturefocus colordiffuse="$VAR[DialogColor1]">osd/OSDRecordOffNF.png</texturefocus>
					<texturenofocus colordiffuse="$VAR[DialogColor2]">osd/OSDRecordOffNF.png</texturenofocus>
					<alttexturefocus colordiffuse="$VAR[DialogColor1]">osd/OSDRecordOnNF.png</alttexturefocus>
					<alttexturenofocus colordiffuse="$VAR[DialogColor2]">osd/OSDRecordOnNF.png</alttexturenofocus>
					<usealttexture>PVR.IsRecordingPlayingChannel</usealttexture>
					<onclick>PVR.ToggleRecordPlayingChannel</onclick>
					<visible>PVR.CanRecordPlayingChannel</visible>
				</control>

			</control>

			<!-- Options -->
			<control type="grouplist" id="30">
				<include>MusicOSD_coords8</include>
				<align>right</align>
				<itemgap>0</itemgap>
				<onleft>11</onleft>
				<onright>1</onright>
				<onup>4</onup>
				<ondown>4</ondown>
				<orientation>horizontal</orientation>

				<!-- Repeat -->
				<control type="button" id="12">
					<include>MusicOSD_coords7</include>
					<texturefocus></texturefocus>
					<texturenofocus></texturenofocus>
					<onclick>PlayerControl(Repeat)</onclick>
					<visible>!Pvr.IsPlayingRadio</visible>
				</control>
				
				<!-- Random -->
				<control type="togglebutton" id="13">
					<include>MusicOSD_coords7</include>
					<texturefocus colordiffuse="$VAR[DialogColor1]">osd/OSDRandomOffNF.png</texturefocus>
					<texturenofocus colordiffuse="$VAR[DialogColor2]">osd/OSDRandomOffNF.png</texturenofocus>
					<alttexturefocus colordiffuse="$VAR[DialogColor1]">osd/OSDRandomOnNF.png</alttexturefocus>
					<alttexturenofocus colordiffuse="$VAR[DialogColor2]">osd/OSDRandomOnNF.png</alttexturenofocus>
					<onclick>PlayerControl(Random)</onclick>
					<visible>!Pvr.IsPlayingRadio</visible>
				</control>
				
				<!-- Channels -->
				<control type="button" id="14">
					<include>MusicOSD_coords7</include>
					<texturefocus colordiffuse="$VAR[DialogColor1]">osd/OSDChannelNF.png</texturefocus>
					<texturenofocus colordiffuse="$VAR[DialogColor2]">osd/OSDChannelNF.png</texturenofocus>
					<onclick>ActivateWindow(PVROSDChannels)</onclick>
					<visible>Pvr.IsPlayingRadio</visible>
				</control>
				
				<!-- Channel EPG -->
				<control type="button" id="15">
					<include>MusicOSD_coords7</include>
					<texturefocus colordiffuse="$VAR[DialogColor1]">osd/OSDEPGNF.png</texturefocus>
					<texturenofocus colordiffuse="$VAR[DialogColor2]">osd/OSDEPGNF.png</texturenofocus>
					<onclick>ActivateWindow(PVRChannelGuide)</onclick>
					<visible>Pvr.IsPlayingRadio + VideoPlayer.HasEpg</visible>
				</control>
				
				<!-- Lyrics -->
				<control type="button" id="16">
					<include>MusicOSD_coords7</include>
					<texturefocus colordiffuse="$VAR[DialogColor1]">osd/OSDLyricsNF.png</texturefocus>
					<texturenofocus colordiffuse="$VAR[DialogColor2]">osd/OSDLyricsNF.png</texturenofocus>
					<onclick condition="String.IsEmpty(Skin.String(LyricAddon))">Skin.SetAddon(LyricAddon,xbmc.python.lyrics)</onclick>
					<onclick condition="!String.IsEmpty(Skin.String(LyricAddon))">RunScript($INFO[Skin.String(LyricAddon)])</onclick>
				</control>
				
				<!-- Playlist -->
				<control type="button" id="17">
					<include>MusicOSD_coords7</include>
					<texturefocus colordiffuse="$VAR[DialogColor1]">osd/OSDPlaylistNF.png</texturefocus>
					<texturenofocus colordiffuse="$VAR[DialogColor2]">osd/OSDPlaylistNF.png</texturenofocus>
					<onclick>Dialog.Close(MusicOSD)</onclick>
					<onclick>ActivateWindow(MusicPlaylist)</onclick>
					<visible>Integer.IsGreater(MusicPlayer.PlaylistLength,1)</visible>
				</control>
				
				<!-- Visualisation -->
				<control type="button" id="500">
					<include>MusicOSD_coords7</include>
					<texturefocus colordiffuse="$VAR[DialogColor1]">osd/OSDVizNF.png</texturefocus>
					<texturenofocus colordiffuse="$VAR[DialogColor2]">osd/OSDVizNF.png</texturenofocus>
				</control>
				
				<!-- Visualisation settings -->
				<control type="button" id="18">
					<include>MusicOSD_coords7</include>
					<texturefocus colordiffuse="$VAR[DialogColor1]">osd/OSDVizSettingsNF.png</texturefocus>
					<texturenofocus colordiffuse="$VAR[DialogColor2]">osd/OSDVizSettingsNF.png</texturenofocus>
					<onclick>Addon.Default.OpenSettings(xbmc.player.musicviz)</onclick>
					<visible>Visualisation.Enabled</visible>
				</control>
				
				<!-- Visualisation presets list -->
				<control type="button" id="19">
					<include>MusicOSD_coords7</include>
					<texturefocus colordiffuse="$VAR[DialogColor1]">osd/OSDVizPreNF.png</texturefocus>
					<texturenofocus colordiffuse="$VAR[DialogColor2]">osd/OSDVizPreNF.png</texturenofocus>
					<onclick>ActivateWindow(122)</onclick>
					<visible>Visualisation.Enabled + Visualisation.HasPresets</visible>
				</control>

			</control>

			<!-- Repeat images -->
			<control type="group">
				<include>MusicOSD_coords9</include>
				<visible>!Pvr.IsPlayingRadio</visible>
				<animation effect="slide" end="60,0" time="0" condition="!Integer.IsGreater(MusicPlayer.PlaylistLength,1)">Conditional</animation>
				<animation effect="slide" end="60,0" time="0" condition="Visualisation.Enabled + !Visualisation.HasPresets + !Pvr.IsPlayingRadio">Conditional</animation>
				<animation effect="slide" end="120,0" time="0" condition="!Visualisation.Enabled + !Visualisation.HasPresets + !Pvr.IsPlayingRadio">Conditional</animation>

				<control type="image">
					<include>MusicOSD_coords7</include>
					<texture colordiffuse="$VAR[DialogColor2]">osd/OSDRepeatNF.png</texture>
					<visible>!Playlist.IsRepeat + !Playlist.IsRepeatOne</visible>
					<visible>!Control.HasFocus(12)</visible>
				</control>
				<control type="image">
					<include>MusicOSD_coords7</include>
					<texture colordiffuse="$VAR[DialogColor1]">osd/OSDRepeatNF.png</texture>
					<visible>!Playlist.IsRepeat + !Playlist.IsRepeatOne</visible>
					<visible>Control.HasFocus(12)</visible>
				</control>
				<control type="image">
					<include>MusicOSD_coords7</include>
					<texture colordiffuse="$VAR[DialogColor2]">osd/OSDRepeatOneNF.png</texture>
					<visible>Playlist.IsRepeatOne</visible>
					<visible>!Control.HasFocus(12)</visible>
				</control>
				<control type="image">
					<include>MusicOSD_coords7</include>
					<texture colordiffuse="$VAR[DialogColor1]">osd/OSDRepeatOneNF.png</texture>
					<visible>Playlist.IsRepeatOne</visible>
					<visible>Control.HasFocus(12)</visible>
				</control>
				<control type="image">
					<include>MusicOSD_coords7</include>
					<texture colordiffuse="$VAR[DialogColor2]">osd/OSDRepeatAllNF.png</texture>
					<visible>Playlist.IsRepeat</visible>
					<visible>!Control.HasFocus(12)</visible>
				</control>
				<control type="image">
					<include>MusicOSD_coords7</include>
					<texture colordiffuse="$VAR[DialogColor1]">osd/OSDRepeatAllNF.png</texture>
					<visible>Playlist.IsRepeat</visible>
					<visible>Control.HasFocus(12)</visible>
				</control>

			</control>

		</control>

		<!-- Seek slider -->
		<control type="slider">
			<description>Seek Slider</description>
			<include>MusicOSD_coords10</include>
			<texturesliderbar />
			<textureslidernib />
			<textureslidernibfocus />
			<action>seek</action>
		</control>

	</controls>

</window>