<?xml version="1.0" encoding="UTF-8"?>
<window>
	<!-- videolibrary -->
	<backgroundcolor>0</backgroundcolor>
	<defaultcontrol always="true">50</defaultcontrol>
	<onload condition="System.HasAddon(script.tvtunes)">RunScript(script.tvtunes,backend=True)</onload>
	<views>50,51,511,52,521,522,523,524,525,53,531,532,533,534,535,536,537,538,539</views>

	<!-- Sidemenu menucontrol -->
	<include content="SidemenuMenucontrol">
		<param name="id">3001</param>
	</include>

	<controls>

		<!-- Background -->
		<include>WindowBackgroundImage</include>

		<!-- Main group -->
		<control type="group">
			<include>WindowFadeAnimation</include>

			<!-- Views -->
			<include>Viewtype50</include>
			<include>Viewtype51</include>
			<include>Viewtype511</include>
			<include>Viewtype52</include>
			<include>Viewtype521</include>
			<include>Viewtype522</include>
			<include>Viewtype523</include>
			<include>Viewtype524</include>
			<include>Viewtype525</include>
			<include>Viewtype53</include>
			<include>Viewtype531</include>
			<include>Viewtype532</include>
			<include>Viewtype533</include>
			<include>Viewtype534</include>
			<include>Viewtype535</include>
			<include>Viewtype536</include>
			<include>Viewtype537</include>
			<include>Viewtype538</include>
			<include>Viewtype539</include>

			<!-- Scrollbar (list) -->
			<control type="scrollbar" id="60">
				<include>MyVideoNav_coords1</include>
				<onleft condition="!Skin.HasSetting(KioskMode)">3001</onleft>
				<onright>50</onright>
				<showonepage>false</showonepage>
				<orientation>vertical</orientation>
				<colordiffuse>$VAR[OverlayColorNF]</colordiffuse>
				<texturesliderbackground border="11,1,1,1">common/ScrollBackground.png</texturesliderbackground>
				<texturesliderbar border="11,1,1,1">common/ScrollbarGripNF.png</texturesliderbar>
				<texturesliderbarfocus border="11,1,1,1" colordiffuse="$VAR[DialogColor1]">common/ScrollbarGripFO.png</texturesliderbarfocus>
				<textureslidernib></textureslidernib>
				<textureslidernibfocus></textureslidernibfocus>
				<visible>!Skin.HasSetting(Scrollbars) + [Control.IsVisible(50) | Control.IsVisible(501) | Control.IsVisible(51) | Control.IsVisible(511) | Control.IsVisible(531) | Control.IsVisible(533) | Control.IsVisible(536) | Control.IsVisible(538)]</visible>
			</control>

			<!-- Scrollbar (wide) -->
			<control type="scrollbar" id="61">
				<include>MyVideoNav_coords2</include>
				<onup>50</onup>
				<ondown condition="!Skin.HasSetting(KioskMode)">3001</ondown>
				<showonepage>false</showonepage>
				<orientation>horizontal</orientation>
				<colordiffuse>$VAR[OverlayColorNF]</colordiffuse>
				<texturesliderbackground border="1,12,1,1">common/ScrollBackgroundHorizontal.png</texturesliderbackground>
				<texturesliderbar border="1,12,1,1">common/ScrollbarGripHorizontalNF.png</texturesliderbar>
				<texturesliderbarfocus border="1,12,1,1" colordiffuse="$VAR[DialogColor1]">common/ScrollbarGripHorizontalFO.png</texturesliderbarfocus>
				<textureslidernib></textureslidernib>
				<textureslidernibfocus></textureslidernibfocus>
				<visible>!Skin.HasSetting(Scrollbars) + [Control.IsVisible(52) | Control.IsVisible(521) | Control.IsVisible(523) | Control.IsVisible(524)]</visible>
			</control>

			<!-- Scrollbar (wide low info) -->
			<control type="scrollbar" id="62">
				<include>MyVideoNav_coords3</include>
				<onup>50</onup>
				<ondown condition="!Skin.HasSetting(KioskMode)">3001</ondown>
				<showonepage>false</showonepage>
				<orientation>horizontal</orientation>
				<colordiffuse>$VAR[OverlayColorNF]</colordiffuse>
				<texturesliderbackground border="1,12,1,1">common/ScrollBackgroundHorizontal.png</texturesliderbackground>
				<texturesliderbar border="1,12,1,1">common/ScrollbarGripHorizontalNF.png</texturesliderbar>
				<texturesliderbarfocus border="1,12,1,1" colordiffuse="$VAR[DialogColor1]">common/ScrollbarGripHorizontalFO.png</texturesliderbarfocus>
				<textureslidernib></textureslidernib>
				<textureslidernibfocus></textureslidernibfocus>
				<visible>!Skin.HasSetting(Scrollbars) + [Control.IsVisible(522) | Control.IsVisible(525)]</visible>
			</control>

			<!-- Scrollbar (wall) -->
			<control type="scrollbar" id="63">
				<include>MyVideoNav_coords4</include>
				<onleft condition="!Skin.HasSetting(KioskMode)">3001</onleft>
				<onright>50</onright>
				<showonepage>false</showonepage>
				<orientation>vertical</orientation>
				<colordiffuse>$VAR[OverlayColorNF]</colordiffuse>
				<texturesliderbackground border="6,1,8,1">common/ScrollBackground.png</texturesliderbackground>
				<texturesliderbar border="8,1,6,1">common/ScrollbarGripNF.png</texturesliderbar>
				<texturesliderbarfocus border="8,1,6,1" colordiffuse="$VAR[DialogColor1]">common/ScrollbarGripFO.png</texturesliderbarfocus>
				<textureslidernib></textureslidernib>
				<textureslidernibfocus></textureslidernibfocus>
				<visible>!Skin.HasSetting(Scrollbars) + [Control.IsVisible(53) | Control.IsVisible(532) | Control.IsVisible(535) | Control.IsVisible(537)]</visible>
			</control>
			
			<!-- Scrollbar (wall low) -->
			<control type="scrollbar" id="64">
				<include>MyVideoNav_coords5</include>
				<onleft condition="!Skin.HasSetting(KioskMode)">3001</onleft>
				<onright>50</onright>
				<showonepage>false</showonepage>
				<orientation>vertical</orientation>
				<colordiffuse>$VAR[OverlayColorNF]</colordiffuse>
				<texturesliderbackground border="6,1,8,1">common/ScrollBackground.png</texturesliderbackground>
				<texturesliderbar border="8,1,6,1">common/ScrollbarGripNF.png</texturesliderbar>
				<texturesliderbarfocus border="8,1,6,1" colordiffuse="$VAR[DialogColor1]">common/ScrollbarGripFO.png</texturesliderbarfocus>
				<textureslidernib></textureslidernib>
				<textureslidernibfocus></textureslidernibfocus>
				<visible>!Skin.HasSetting(Scrollbars) + [Control.IsVisible(534) | Control.IsVisible(539)]</visible>
			</control>

			<!-- Media flags -->
			<include>MediaFlags</include>

			<!-- Item count -->
			<include>ItemCount</include>
			
			<!-- Submenu indicator -->
			<include>SubmenuIndicator</include>

		</control>

		<!-- Time -->
		<include>Time</include>

		<!-- Options -->
		<control type="group" id="9002">
			<include>NotificationDepth</include>
			<visible>!Skin.HasSetting(KioskMode)</visible>
			<control type="image">
				<include>FullscreenOverlayDimensions</include>
				<texture colordiffuse="$VAR[DarkenColor]">dialogs/DialogTextBackground.png</texture>
				<include>VisibleFadeAnimation</include>
				<visible>ControlGroup(9002).HasFocus</visible>
				<include>BackgroundDepth</include>
			</control>
			<control type="group">
				<left>-460</left>
				<top>0</top>
				<animation effect="slide" start="0,0" end="460,0" time="200" condition="ControlGroup(9002).HasFocus">Conditional</animation>
				<control type="button">
					<include>OptionsSideMenu1</include>
					<texturefocus>noop</texturefocus>
				</control>

				<control type="image">
					<include>OptionsSideMenu1</include>
					<texture colordiffuse="$VAR[OverlayColor]">dialogs/Background.png</texture>
				</control>

				<!-- Look controls -->
				<control type="grouplist" id="3001">
					<include condition="Integer.IsGreater(Container.ViewCount,1)">OptionsSideMenu2</include>
					<include condition="!Integer.IsGreater(Container.ViewCount,1)">OptionsSideMenu3</include>
					<onleft>50</onleft>
					<onright>50</onright>
					<onback>50</onback>
					<scrolltime>200</scrolltime>
					<orientation>vertical</orientation>
					<itemgap>0</itemgap>
					<defaultcontrol always="true">99</defaultcontrol>

					<include content="SideMenuAnimation">
						<param name="containerID">3001</param>
					</include>

					<!-- View -->
					<control type="button" id="99">
						<label>$LOCALIZE[31233]$INFO[Container.ViewMode]</label>
						<height>52</height>
						<onclick>Container.NextViewMode</onclick>
						<visible>Integer.IsGreater(Container.ViewCount,1)</visible>
						<visible>![Container.Content(videos) + Skin.HasSetting(FixedVideosView)]</visible>
					</control>


					<control type="image" id="80">
						<left>0</left>
						<top>0</top>
						<width>410</width>
						<height>10</height>
						<texture>transparent.png</texture>
						<visible>Integer.IsGreater(Container.ViewCount,1)</visible>
						<visible>![Container.Content(videos) + Skin.HasSetting(FixedVideosView)]</visible>
					</control>


					<!-- Sort by -->
					<control type="button" id="3">
						<label>103</label>
						<height>52</height>
						<visible>Control.IsEnabled(3)</visible>
					</control>
					<!-- Sort ascending/descending -->
					<control type="togglebutton" id="4">
						<label>$LOCALIZE[31234]$LOCALIZE[584]</label>
						<altlabel>$LOCALIZE[31234]$LOCALIZE[585]</altlabel>
						<height>52</height>
						<usealttexture>Container.SortDirection(Descending)</usealttexture>
						<visible>Control.IsEnabled(4)</visible>
					</control>
					<!-- Watched toggle -->
					<control type="radiobutton" id="14">
						<label>20367</label>
						<height>52</height>
						<visible>Control.IsEnabled(14)</visible>
					</control>
					<!-- Filter -->
					<control type="edit" id="19">
						<label>587</label>
						<height>52</height>
						<visible>Container.CanFilter + !Container.CanFilterAdvanced</visible>
					</control>
					<!-- Filter -->
					<control type="radiobutton" id="93">
						<label>587</label>
						<height>52</height>
						<onclick>Right</onclick>
						<onclick>Right</onclick>
						<onclick>Filter</onclick>
						<selected>Container.Filtered</selected>
						<visible>Container.CanFilterAdvanced</visible>
					</control>


					<control type="image" id="81">
						<left>0</left>
						<top>0</top>
						<width>410</width>
						<height>10</height>
						<texture colordiffuse="$VAR[OverlayColor]">transparent.png</texture>
					</control>


					<!-- Open playlist -->
					<control type="button" id="91">
						<label>13350</label>
						<height>52</height>
						<onclick condition="!String.IsEqual(Playlist.Length(video),0)">ActivateWindow(videoplaylist)</onclick>
						<visible>!String.IsEqual(Playlist.Length(video),0)</visible>
					</control>
					<!-- Update library -->
					<control type="togglebutton" id="20">
						<label>653</label>
						<height>52</height>
						<altlabel>13353</altlabel>
						<usealttexture>Library.IsScanningVideo</usealttexture>
						<visible>!String.StartsWith(Container.FolderPath,plugin://plugin)</visible>
					</control>
					<!-- Search -->
					<control type="button" id="8">
						<label>137</label>
						<height>52</height>
						<visible>Control.IsEnabled(8)</visible>
					</control>
					<!-- PartyMode -->
					<control type="radiobutton" id="16">
						<label>589</label>
						<height>52</height>
						<visible>Container.Content(MusicVideos)</visible>
					</control>
					<!-- Unlock Shares -->
					<control type="radiobutton" id="11">
						<label>20336</label>
						<height>52</height>
						<onclick>Mastermode</onclick>
						<selected>System.IsMaster</selected>
						<visible>System.HasLocks</visible>
					</control>
					<!-- Library Node Editor -->
					<control type="button" id="95">
						<label>31400</label>
						<height>52</height>
						<onclick condition="String.IsEmpty(System.AddonVersion(plugin.library.node.editor)) + !System.HasAddon(plugin.library.node.editor)">InstallAddon(plugin.library.node.editor)</onclick>
						<onclick condition="!String.IsEmpty(System.AddonVersion(plugin.library.node.editor)) + !System.HasAddon(plugin.library.node.editor)">ActivateWindow(1102)</onclick>
						<onclick condition="System.HasAddon(plugin.library.node.editor)">ActivateWindow(programs,plugin://plugin.library.node.editor/?ltype=video,return)</onclick>
						<visible>Container.Content() + String.IsEmpty(Container.PluginName)</visible>
					</control>
					
					<include>SideMenuControls</include>
					
				</control>
			</control>
		</control>

		<include>MaskingBars</include>

	</controls>

</window>