<?xml version="1.0" encoding="UTF-8"?>
<includes>

	<include name="Viewtype532">

		<!-- Wall small -->
		<control type="group">
			<visible>Control.IsVisible(532)</visible>

			<!-- Thumbs -->
			<control type="panel" id="532">
				<include>Viewtype532_coords1</include>
				<onleft>63</onleft>
				<onup>532</onup>
				<ondown>532</ondown>
				<pagecontrol>63</pagecontrol>
				<preloaditems>4</preloaditems>
				<viewtype label="$LOCALIZE[31114]">icon</viewtype>
				<scrolltime tween="sine" easing="out">240</scrolltime>
				<visible>Container.Content(movies) | Container.Content(tvshows) | Container.Content(seasons)</visible>

				<include>Viewtype532_coords2</include>

				<include>Viewtype532_coords3</include>
				
			</control>

			<control type="group">
				<include>Viewtype532_coords4</include>

				<!-- Title -->
				<control type="fadelabel">
					<include>Viewtype532_coords5</include>
					<font>Font72</font>
					<align>center</align>
					<textcolor>$VAR[TextColor1]</textcolor>
					<label>$VAR[Label1]</label>
					<scrollspeed>120</scrollspeed>
				</control>

				<!-- Details -->
				<control type="fadelabel">
					<include>Viewtype532_coords6</include>
					<font>Font27</font>
					<align>center</align>
					<aligny>top</aligny>
					<label>$VAR[Label2]</label>
					<textcolor>$VAR[TextColor1]</textcolor>
				</control>

			</control>

		</control>

	</include>

	<include name="image-532">
		<param name="fallback">DefaultVideos.png</param>
		<param name="colordiffuse">FFFFFFFF</param>
		<param name="visible">False</param>
		<definition>
			<control type="image">
				<include>Viewtype532_coords7</include>
				<colordiffuse>$PARAM[colordiffuse]</colordiffuse>
				<texture fallback="$PARAM[fallback]" background="true">$VAR[mediaImages]</texture>
				<aspectratio align="center" aligny="center">keep</aspectratio>
				<visible>$PARAM[visible]</visible>
				<visible>!Integer.IsEqual(Container.NumItems,0) | [Integer.IsEqual(Container.NumItems,0) + ListItem.IsParentFolder]</visible>
			</control>
		</definition>
	</include>
	
	<include name="image-532-focused">
		<param name="fallback">DefaultVideos.png</param>
		<param name="colordiffuse">FFFFFFFF</param>
		<param name="visible">False</param>
		<definition>
			<control type="image">
				<include>Viewtype532_coords8</include>
				<colordiffuse>$PARAM[colordiffuse]</colordiffuse>
				<texture fallback="$PARAM[fallback]" background="true">$VAR[mediaImages]</texture>
				<aspectratio align="center" aligny="center">keep</aspectratio>
				<visible>$PARAM[visible]</visible>
				<visible>!Integer.IsEqual(Container.NumItems,0) | [Integer.IsEqual(Container.NumItems,0) + ListItem.IsParentFolder]</visible>
			</control>
		</definition>
	</include>

</includes>
